﻿Nombre_1,Apellido_1,CUI_1,InstitucionBancaria_1,AbreviacionInstitucion_1,Nombre_2,Apellido_2,CUI_2,InstitucionBancaria_2,AbreviacionInstitucion_2,MontoTransferencia,FechaTransferencia
Boote,Pina,208181717,Banco Industrial,BI,Abigale,Crann,1187255777,Banco Agromercantil,BAM,3248,7/05/2020 03:49
Boote,Pina,208181717,Banco Industrial,BI,Jeanie,Badman,2320648240,Banco G&T,G&T,9708,5/01/2020 06:23
Giordano,Rimington,270162925,Banco de desarrollo rural,BANRURAL,Antonetta,Bowler,4380702766,Banco de desarrollo rural,BANRURAL,9281,25/12/2020 06:47
Giordano,Rimington,270162925,Banco de desarrollo rural,BANRURAL,Joelynn,De Gregoli,9835876975,Banco Promerica,Promerica,9825,11/04/2021 12:09
Giordano,Rimington,270162925,Banco G&T,G&T,Colas,Feek,440057779,Banco G&T,G&T,1043,6/01/2020 12:52
Giordano,Rimington,270162925,Banco G&T,G&T,Raff,Meah,3693967563,Banco G&T,G&T,4225,6/02/2021 18:35
Giordano,Rimington,270162925,Banco G&T,G&T,Koressa,Knowler,7737952055,Banco Promerica,Promerica,5223,26/02/2021 16:07
Giordano,Rimington,270162925,Banco G&T,G&T,Colas,Feek,440057779,Banco G&T,G&T,4420,16/10/2020 20:25
Giordano,Rimington,270162925,Banco Industrial,BI,Cherry,Youtead,6393106875,Banco G&T,G&T,506,17/05/2020 17:09
Giordano,Rimington,270162925,Banco Industrial,BI,Collie,Leatherland,3334586502,Banco G&T,G&T,8264,5/10/2020 09:43
Giordano,Rimington,270162925,Banco Industrial,BI,Henriette,Stag,5203620156,Banco de desarrollo rural,BANRURAL,2356,19/10/2020 01:10
Colas,Feek,440057779,Banco Agromercantil,BAM,Arleta,Umbert,1805028979,Banco G&T,G&T,7825,9/08/2020 01:12
Colas,Feek,440057779,Banco Agromercantil,BAM,Antonetta,Bowler,4380702766,Banco Agromercantil,BAM,4091,23/02/2020 04:15
Colas,Feek,440057779,Banco G&T,G&T,Puff,Huerta,4474118367,Banco de desarrollo rural,BANRURAL,6342,16/02/2020 20:54
Colas,Feek,440057779,Banco G&T,G&T,Jarid,McEniry,7858016997,Banco de desarrollo rural,BANRURAL,8184,3/03/2021 20:48
Colas,Feek,440057779,Banco Industrial,BI,Arlin,Bruckner,7819264039,Banco Promerica,Promerica,8166,1/03/2021 07:17
Colas,Feek,440057779,Banco Industrial,BI,Joellen,Rickell,677914504,Banco Industrial,BI,3974,16/10/2020 22:35
Colas,Feek,440057779,Banco Industrial,BI,Maggee,Shergold,6816494733,Banco Industrial,BI,5794,2/02/2021 05:57
Kit,Tottman,445543914,Banco G&T,G&T,Konstanze,Blood,7873382966,Banco Industrial,BI,8341,30/04/2020 01:21
Joellen,Rickell,677914504,Banco Industrial,BI,Abigale,Crann,1187255777,Banco Industrial,BI,9287,29/12/2020 20:04
Joellen,Rickell,677914504,Banco Industrial,BI,Tina,De Beauchemp,6668839878,Banco Agromercantil,BAM,6183,14/06/2020 00:34
Bobbette,Dutton,930849132,Banco G&T,G&T,Manuel,Gouldstone,2293547442,Banco G&T,G&T,8722,6/11/2020 23:35
Bobbette,Dutton,930849132,Banco Industrial,BI,Tina,De Beauchemp,6668839878,Banco de desarrollo rural,BANRURAL,3872,4/02/2020 23:55
Bobbette,Dutton,930849132,Banco Industrial,BI,Vonny,Westall,2354138652,Banco G&T,G&T,1716,9/11/2020 10:17
Bobbette,Dutton,930849132,Banco Promerica,Promerica,Maressa,Delgadillo,3899636643,Banco Industrial,BI,1497,10/02/2021 13:15
Bobbette,Dutton,930849132,Banco Promerica,Promerica,Riva,Gaven,2897073799,Banco G&T,G&T,796,31/12/2020 12:01
Bobbette,Dutton,930849132,Banco Promerica,Promerica,Corliss,McCord,5563911438,Banco Agromercantil,BAM,5412,14/12/2020 04:58
Abigale,Crann,1187255777,Banco Agromercantil,BAM,Joelynn,De Gregoli,9835876975,Banco Promerica,Promerica,6296,28/04/2020 10:56
Abigale,Crann,1187255777,Banco Industrial,BI,Nelia,Hathway,1962610551,Banco Industrial,BI,7822,20/03/2020 16:10
Abigale,Crann,1187255777,Banco Industrial,BI,Carmita,Hiscoke,8640571546,Banco Agromercantil,BAM,7176,7/01/2021 17:31
Abigale,Crann,1187255777,Banco Industrial,BI,Daffy,Marages,2720935689,Banco Promerica,Promerica,9920,22/12/2020 08:46
Chrissy,Fells,1432225464,Banco G&T,G&T,Alfie,Castellaccio,2344960856,Banco de desarrollo rural,BANRURAL,7349,22/10/2020 15:12
Chrissy,Fells,1432225464,Banco Industrial,BI,Sax,Stephenson,4640351089,Banco Agromercantil,BAM,9661,26/03/2021 15:05
Javier,Theodore,1485345081,Banco G&T,G&T,Jeanie,Badman,2320648240,Banco Promerica,Promerica,4123,7/02/2021 20:32
Javier,Theodore,1485345081,Banco G&T,G&T,Vassili,Drowsfield,3345353652,Banco Agromercantil,BAM,5761,29/06/2020 09:54
Javier,Theodore,1485345081,Banco G&T,G&T,Horatia,Brumpton,1653130695,Banco G&T,G&T,5864,12/12/2020 09:38
Javier,Theodore,1485345081,Banco Industrial,BI,Abigale,Crann,1187255777,Banco Industrial,BI,2510,6/08/2020 09:24
Javier,Theodore,1485345081,Banco Industrial,BI,Hali,Peebles,1909436437,Banco de desarrollo rural,BANRURAL,6021,25/05/2020 08:02
Javier,Theodore,1485345081,Banco Industrial,BI,Maggee,Shergold,6816494733,Banco Promerica,Promerica,3926,18/08/2020 21:22
Javier,Theodore,1485345081,Banco Industrial,BI,Horatia,Brumpton,1653130695,Banco G&T,G&T,3216,13/03/2020 22:56
Javier,Theodore,1485345081,Banco Industrial,BI,Ike,Nickels,6290621491,Banco de desarrollo rural,BANRURAL,1425,7/04/2020 07:48
Caryn,Kirkham,1581008589,Banco Agromercantil,BAM,Daffy,Marages,2720935689,Banco G&T,G&T,1458,12/03/2020 09:45
Caryn,Kirkham,1581008589,Banco Agromercantil,BAM,Nelia,Hathway,1962610551,Banco G&T,G&T,7202,1/09/2020 15:56
Caryn,Kirkham,1581008589,Banco Promerica,Promerica,Tripp,Ingree,3888897025,Banco Agromercantil,BAM,9741,12/07/2020 12:03
Horatia,Brumpton,1653130695,Banco Agromercantil,BAM,Chrissy,Fells,1432225464,Banco Industrial,BI,2881,18/03/2021 08:54
Horatia,Brumpton,1653130695,Banco Agromercantil,BAM,Alfie,Castellaccio,2344960856,Banco de desarrollo rural,BANRURAL,7170,28/01/2021 20:48
Horatia,Brumpton,1653130695,Banco G&T,G&T,Tina,De Beauchemp,6668839878,Banco Industrial,BI,6148,29/06/2020 05:40
Horatia,Brumpton,1653130695,Banco G&T,G&T,Riva,Gaven,2897073799,Banco Promerica,Promerica,4920,15/07/2020 23:34
Horatia,Brumpton,1653130695,Banco G&T,G&T,Joelynn,De Gregoli,9835876975,Banco G&T,G&T,4946,17/12/2020 11:53
Horatia,Brumpton,1653130695,Banco G&T,G&T,Vassili,Drowsfield,3345353652,Banco G&T,G&T,2200,19/03/2021 17:12
Horatia,Brumpton,1653130695,Banco G&T,G&T,Arleta,Umbert,1805028979,Banco Promerica,Promerica,8666,20/01/2021 17:07
Horatia,Brumpton,1653130695,Banco G&T,G&T,Koressa,Knowler,7737952055,Banco G&T,G&T,1883,18/03/2021 16:18
Horatia,Brumpton,1653130695,Banco G&T,G&T,Sascha,Kennedy,4464029000,Banco Promerica,Promerica,8885,4/01/2021 05:54
Horatia,Brumpton,1653130695,Banco G&T,G&T,Elnore,Foy,6154977174,Banco de desarrollo rural,BANRURAL,2476,9/07/2020 13:27
Horatia,Brumpton,1653130695,Banco G&T,G&T,Daffy,Marages,2720935689,Banco G&T,G&T,4740,31/10/2020 17:28
Horatia,Brumpton,1653130695,Banco G&T,G&T,Inga,Cromleholme,3179095431,Banco Promerica,Promerica,3594,23/03/2021 00:50
Horatia,Brumpton,1653130695,Banco G&T,G&T,Luelle,Barenskie,8068530312,Banco G&T,G&T,3628,7/11/2020 19:07
Horatia,Brumpton,1653130695,Banco G&T,G&T,Koressa,Knowler,7737952055,Banco de desarrollo rural,BANRURAL,5346,21/06/2020 03:34
Horatia,Brumpton,1653130695,Banco G&T,G&T,Inga,Cromleholme,3179095431,Banco Industrial,BI,737,17/02/2021 01:29
Horatia,Brumpton,1653130695,Banco G&T,G&T,Deni,Tarn,6467582497,Banco de desarrollo rural,BANRURAL,2721,25/03/2020 22:57
Horatia,Brumpton,1653130695,Banco G&T,G&T,Riva,Gaven,2897073799,Banco Promerica,Promerica,357,12/11/2020 08:01
Arleta,Umbert,1805028979,Banco de desarrollo rural,BANRURAL,Sunny,Alvin,6456388384,Banco Promerica,Promerica,8361,1/09/2020 08:38
Arleta,Umbert,1805028979,Banco de desarrollo rural,BANRURAL,Colas,Feek,440057779,Banco Agromercantil,BAM,4132,5/02/2021 11:04
Arleta,Umbert,1805028979,Banco G&T,G&T,Antonetta,Bowler,4380702766,Banco Agromercantil,BAM,4667,10/11/2020 04:21
Arleta,Umbert,1805028979,Banco G&T,G&T,Daffy,Marages,2720935689,Banco Promerica,Promerica,3913,16/08/2020 21:45
Arleta,Umbert,1805028979,Banco G&T,G&T,Cherry,Youtead,6393106875,Banco Promerica,Promerica,4177,1/10/2020 07:29
Arleta,Umbert,1805028979,Banco G&T,G&T,Deni,Tarn,6467582497,Banco G&T,G&T,1126,31/05/2020 04:56
Arleta,Umbert,1805028979,Banco G&T,G&T,Bobbette,Dutton,930849132,Banco Industrial,BI,3974,10/01/2021 03:44
Arleta,Umbert,1805028979,Banco G&T,G&T,Renard,Pelchat,8373980261,Banco Promerica,Promerica,7983,13/07/2020 14:11
Arleta,Umbert,1805028979,Banco Industrial,BI,Vassili,Drowsfield,3345353652,Banco Agromercantil,BAM,8206,14/05/2020 09:31
Arleta,Umbert,1805028979,Banco Industrial,BI,Caryn,Kirkham,1581008589,Banco Agromercantil,BAM,6840,23/11/2020 03:33
Morly,Pundy,1833280679,Banco Promerica,Promerica,Raff,Meah,3693967563,Banco Industrial,BI,6521,13/07/2020 05:06
Hali,Peebles,1909436437,Banco de desarrollo rural,BANRURAL,Morgun,Coots,6920115220,Banco Industrial,BI,4310,8/06/2020 15:14
Hali,Peebles,1909436437,Banco de desarrollo rural,BANRURAL,Koressa,Knowler,7737952055,Banco Promerica,Promerica,5896,16/02/2021 18:50
Hali,Peebles,1909436437,Banco de desarrollo rural,BANRURAL,Phaidra,Thornthwaite,7422400781,Banco de desarrollo rural,BANRURAL,3466,28/03/2021 07:42
Hali,Peebles,1909436437,Banco de desarrollo rural,BANRURAL,Ddene,Tant,2293083373,Banco de desarrollo rural,BANRURAL,6129,1/01/2021 10:03
Hali,Peebles,1909436437,Banco de desarrollo rural,BANRURAL,Chrissy,Fells,1432225464,Banco Industrial,BI,5965,11/04/2020 10:09
Hali,Peebles,1909436437,Banco de desarrollo rural,BANRURAL,Margo,Aspinall,8574878405,Banco de desarrollo rural,BANRURAL,4065,29/12/2020 21:32
Hali,Peebles,1909436437,Banco de desarrollo rural,BANRURAL,Manuel,Gouldstone,2293547442,Banco Industrial,BI,1574,9/10/2020 19:22
Hali,Peebles,1909436437,Banco Industrial,BI,Corliss,McCord,5563911438,Banco Agromercantil,BAM,3449,14/07/2020 17:32
Hali,Peebles,1909436437,Banco Industrial,BI,Horatia,Brumpton,1653130695,Banco G&T,G&T,858,4/08/2020 09:05
Hali,Peebles,1909436437,Banco Promerica,Promerica,Maggee,Shergold,6816494733,Banco Industrial,BI,5209,12/05/2020 07:45
Hali,Peebles,1909436437,Banco Promerica,Promerica,Margo,Aspinall,8574878405,Banco de desarrollo rural,BANRURAL,2520,13/01/2020 17:21
Hali,Peebles,1909436437,Banco Promerica,Promerica,Tina,De Beauchemp,6668839878,Banco Agromercantil,BAM,1997,26/04/2020 00:47
Hali,Peebles,1909436437,Banco Promerica,Promerica,Janith,Metheringham,6172401947,Banco Industrial,BI,9945,31/03/2021 09:53
Hali,Peebles,1909436437,Banco Promerica,Promerica,Leonid,Berrey,9488599294,Banco Promerica,Promerica,8930,18/06/2020 21:28
Stormy,Mathieu,1952883946,Banco G&T,G&T,Joelynn,De Gregoli,9835876975,Banco G&T,G&T,5245,29/07/2020 08:41
Stormy,Mathieu,1952883946,Banco G&T,G&T,Cherry,Youtead,6393106875,Banco de desarrollo rural,BANRURAL,4240,4/03/2020 20:50
Stormy,Mathieu,1952883946,Banco G&T,G&T,Morgun,Coots,6920115220,Banco G&T,G&T,8588,5/05/2020 01:20
Nelia,Hathway,1962610551,Banco G&T,G&T,Paul,Fleming,5878519224,Banco Promerica,Promerica,8373,24/02/2021 16:20
Nelia,Hathway,1962610551,Banco G&T,G&T,Sax,Stephenson,4640351089,Banco Agromercantil,BAM,3307,11/08/2020 20:39
Nelia,Hathway,1962610551,Banco Industrial,BI,Alfie,Castellaccio,2344960856,Banco de desarrollo rural,BANRURAL,8245,11/10/2020 02:34
Nelia,Hathway,1962610551,Banco Industrial,BI,Ty,Kittow,1976810418,Banco de desarrollo rural,BANRURAL,9166,7/02/2020 09:04
Nelia,Hathway,1962610551,Banco Industrial,BI,Antonetta,Bowler,4380702766,Banco Agromercantil,BAM,6035,13/01/2020 14:19
Nelia,Hathway,1962610551,Banco Industrial,BI,Javier,Theodore,1485345081,Banco Industrial,BI,677,18/07/2020 07:15
Nelia,Hathway,1962610551,Banco Industrial,BI,Collie,Leatherland,3334586502,Banco G&T,G&T,4209,19/01/2021 13:43
Nelia,Hathway,1962610551,Banco Industrial,BI,Luelle,Barenskie,8068530312,Banco G&T,G&T,4341,12/01/2020 11:30
Nelia,Hathway,1962610551,Banco Industrial,BI,Devin,Sheere,2286509069,Banco Agromercantil,BAM,5064,1/02/2020 00:55
Nelia,Hathway,1962610551,Banco Industrial,BI,Jeanie,Badman,2320648240,Banco Agromercantil,BAM,7622,20/07/2020 23:48
Nelia,Hathway,1962610551,Banco Promerica,Promerica,Tripp,Ingree,3888897025,Banco Agromercantil,BAM,9280,26/12/2020 04:31
Nelia,Hathway,1962610551,Banco Promerica,Promerica,Ddene,Tant,2293083373,Banco de desarrollo rural,BANRURAL,3455,4/07/2020 03:02
Nelia,Hathway,1962610551,Banco Promerica,Promerica,Kizzie,Pettman,6981272008,Banco Promerica,Promerica,6445,8/01/2021 13:14
Nelia,Hathway,1962610551,Banco Promerica,Promerica,Alfie,Castellaccio,2344960856,Banco Agromercantil,BAM,6835,1/11/2020 21:46
Ty,Kittow,1976810418,Banco de desarrollo rural,BANRURAL,Dale,Goslin,4243293546,Banco Promerica,Promerica,3682,7/06/2020 16:48
Ty,Kittow,1976810418,Banco de desarrollo rural,BANRURAL,Renard,Pelchat,8373980261,Banco Promerica,Promerica,6682,18/03/2021 20:43
Ty,Kittow,1976810418,Banco de desarrollo rural,BANRURAL,Devin,Sheere,2286509069,Banco G&T,G&T,6600,11/04/2021 08:34
Ty,Kittow,1976810418,Banco de desarrollo rural,BANRURAL,Deni,Tarn,6467582497,Banco Promerica,Promerica,4965,7/09/2020 02:57
Ty,Kittow,1976810418,Banco G&T,G&T,Morly,Pundy,1833280679,Banco Promerica,Promerica,9549,18/12/2020 05:54
Ty,Kittow,1976810418,Banco G&T,G&T,Colas,Feek,440057779,Banco Industrial,BI,9129,1/03/2020 00:41
Ty,Kittow,1976810418,Banco G&T,G&T,Kit,Tottman,445543914,Banco G&T,G&T,3009,24/01/2021 03:43
Devin,Sheere,2286509069,Banco Agromercantil,BAM,Caryn,Kirkham,1581008589,Banco Agromercantil,BAM,5077,8/03/2020 16:22
Devin,Sheere,2286509069,Banco G&T,G&T,Kizzie,Pettman,6981272008,Banco Industrial,BI,6380,30/03/2021 22:10
Devin,Sheere,2286509069,Banco Industrial,BI,Raff,Meah,3693967563,Banco G&T,G&T,6039,24/08/2020 20:32
Devin,Sheere,2286509069,Banco Industrial,BI,Sunny,Alvin,6456388384,Banco Agromercantil,BAM,7262,14/05/2020 16:41
Devin,Sheere,2286509069,Banco Industrial,BI,Arleta,Umbert,1805028979,Banco G&T,G&T,3027,7/03/2021 20:10
Devin,Sheere,2286509069,Banco Industrial,BI,Janith,Metheringham,6172401947,Banco Industrial,BI,6406,19/02/2021 20:31
Ddene,Tant,2293083373,Banco de desarrollo rural,BANRURAL,Vassili,Drowsfield,3345353652,Banco G&T,G&T,566,2/02/2020 22:31
Ddene,Tant,2293083373,Banco de desarrollo rural,BANRURAL,Javier,Theodore,1485345081,Banco Industrial,BI,8856,22/08/2020 20:00
Ddene,Tant,2293083373,Banco Industrial,BI,Vassili,Drowsfield,3345353652,Banco Agromercantil,BAM,4743,16/03/2020 11:40
Ddene,Tant,2293083373,Banco Industrial,BI,Jolie,Tollfree,4105124471,Banco G&T,G&T,516,30/11/2020 15:03
Manuel,Gouldstone,2293547442,Banco G&T,G&T,Maressa,Delgadillo,3899636643,Banco Industrial,BI,9341,22/02/2021 15:22
Manuel,Gouldstone,2293547442,Banco G&T,G&T,Esme,Seifenmacher,7341877243,Banco Industrial,BI,6352,27/06/2020 13:43
Manuel,Gouldstone,2293547442,Banco G&T,G&T,Willie,Brahan,3601075148,Banco G&T,G&T,6122,29/10/2020 02:26
Manuel,Gouldstone,2293547442,Banco G&T,G&T,Raff,Meah,3693967563,Banco G&T,G&T,9187,31/01/2021 05:33
Manuel,Gouldstone,2293547442,Banco Industrial,BI,Kizzie,Pettman,6981272008,Banco Industrial,BI,3209,19/03/2020 08:38
Manuel,Gouldstone,2293547442,Banco Industrial,BI,Cherry,Youtead,6393106875,Banco de desarrollo rural,BANRURAL,9795,8/06/2020 23:28
Manuel,Gouldstone,2293547442,Banco Industrial,BI,Corliss,McCord,5563911438,Banco Agromercantil,BAM,1678,6/02/2020 08:09
Jeanie,Badman,2320648240,Banco Agromercantil,BAM,Maressa,Delgadillo,3899636643,Banco Industrial,BI,223,15/04/2021 21:58
Jeanie,Badman,2320648240,Banco Agromercantil,BAM,Sascha,Kennedy,4464029000,Banco G&T,G&T,5970,17/01/2021 20:54
Jeanie,Badman,2320648240,Banco G&T,G&T,Deni,Tarn,6467582497,Banco Agromercantil,BAM,7158,10/12/2020 16:52
Jeanie,Badman,2320648240,Banco G&T,G&T,Esme,Seifenmacher,7341877243,Banco Industrial,BI,2453,23/10/2020 00:10
Jeanie,Badman,2320648240,Banco G&T,G&T,Horatia,Brumpton,1653130695,Banco G&T,G&T,385,18/01/2021 03:20
Jeanie,Badman,2320648240,Banco G&T,G&T,Sascha,Kennedy,4464029000,Banco Promerica,Promerica,94,5/03/2021 18:40
Jeanie,Badman,2320648240,Banco G&T,G&T,Bobbette,Dutton,930849132,Banco Promerica,Promerica,8936,7/08/2020 23:15
Jeanie,Badman,2320648240,Banco G&T,G&T,Colas,Feek,440057779,Banco Agromercantil,BAM,9618,6/01/2020 16:43
Jeanie,Badman,2320648240,Banco G&T,G&T,Nelia,Hathway,1962610551,Banco G&T,G&T,8221,28/01/2020 20:33
Jeanie,Badman,2320648240,Banco Promerica,Promerica,Sunny,Alvin,6456388384,Banco Agromercantil,BAM,9712,18/02/2021 02:28
Jeanie,Badman,2320648240,Banco Promerica,Promerica,Cherise,Pluvier,9622621546,Banco Industrial,BI,3872,9/02/2020 14:59
Alfie,Castellaccio,2344960856,Banco Agromercantil,BAM,Ardys,Cave,3418211453,Banco Promerica,Promerica,9717,18/08/2020 13:09
Alfie,Castellaccio,2344960856,Banco Agromercantil,BAM,Elnore,Foy,6154977174,Banco de desarrollo rural,BANRURAL,5561,12/07/2020 00:42
Alfie,Castellaccio,2344960856,Banco Agromercantil,BAM,Hali,Peebles,1909436437,Banco Promerica,Promerica,8521,18/01/2020 06:57
Alfie,Castellaccio,2344960856,Banco Agromercantil,BAM,Inga,Cromleholme,3179095431,Banco Agromercantil,BAM,3597,3/03/2020 01:44
Alfie,Castellaccio,2344960856,Banco Agromercantil,BAM,Deni,Tarn,6467582497,Banco de desarrollo rural,BANRURAL,8855,20/02/2021 05:31
Alfie,Castellaccio,2344960856,Banco de desarrollo rural,BANRURAL,Bobbette,Dutton,930849132,Banco Industrial,BI,4935,4/03/2020 11:20
Alfie,Castellaccio,2344960856,Banco de desarrollo rural,BANRURAL,Deni,Tarn,6467582497,Banco de desarrollo rural,BANRURAL,653,5/03/2021 21:38
Alfie,Castellaccio,2344960856,Banco de desarrollo rural,BANRURAL,Cherry,Youtead,6393106875,Banco de desarrollo rural,BANRURAL,7237,22/05/2020 10:39
Alfie,Castellaccio,2344960856,Banco de desarrollo rural,BANRURAL,Ddene,Tant,2293083373,Banco Industrial,BI,7846,19/03/2020 02:20
Alfie,Castellaccio,2344960856,Banco de desarrollo rural,BANRURAL,Maggee,Shergold,6816494733,Banco Promerica,Promerica,3414,15/09/2020 12:39
Alfie,Castellaccio,2344960856,Banco de desarrollo rural,BANRURAL,Alfie,Castellaccio,2344960856,Banco Agromercantil,BAM,9454,30/10/2020 04:55
Alfie,Castellaccio,2344960856,Banco de desarrollo rural,BANRURAL,Ty,Kittow,1976810418,Banco G&T,G&T,554,8/03/2021 21:54
Alfie,Castellaccio,2344960856,Banco G&T,G&T,Neill,Esser,7964176803,Banco Industrial,BI,3874,14/01/2021 07:27
Alfie,Castellaccio,2344960856,Banco G&T,G&T,Deni,Tarn,6467582497,Banco de desarrollo rural,BANRURAL,3745,17/10/2020 05:01
Alfie,Castellaccio,2344960856,Banco G&T,G&T,Hali,Peebles,1909436437,Banco Promerica,Promerica,5131,12/03/2021 02:11
Alfie,Castellaccio,2344960856,Banco G&T,G&T,Inga,Cromleholme,3179095431,Banco Industrial,BI,8776,8/02/2020 18:37
Vonny,Westall,2354138652,Banco G&T,G&T,Tina,De Beauchemp,6668839878,Banco Promerica,Promerica,2590,10/06/2020 23:59
Vonny,Westall,2354138652,Banco G&T,G&T,Bobbette,Dutton,930849132,Banco Industrial,BI,2266,3/02/2021 15:22
Vonny,Westall,2354138652,Banco G&T,G&T,Morgun,Coots,6920115220,Banco G&T,G&T,7207,8/10/2020 04:46
Vonny,Westall,2354138652,Banco G&T,G&T,Colas,Feek,440057779,Banco G&T,G&T,9248,6/12/2020 07:59
Vonny,Westall,2354138652,Banco G&T,G&T,Alfie,Castellaccio,2344960856,Banco de desarrollo rural,BANRURAL,7205,18/06/2020 10:10
Vonny,Westall,2354138652,Banco G&T,G&T,Arlin,Bruckner,7819264039,Banco Promerica,Promerica,9375,14/10/2020 21:08
Daffy,Marages,2720935689,Banco G&T,G&T,Ardys,Cave,3418211453,Banco Promerica,Promerica,9387,7/10/2020 05:47
Daffy,Marages,2720935689,Banco G&T,G&T,Raff,Meah,3693967563,Banco Industrial,BI,5017,16/09/2020 23:38
Daffy,Marages,2720935689,Banco Promerica,Promerica,Maggee,Shergold,6816494733,Banco Promerica,Promerica,151,5/05/2020 11:21
Daffy,Marages,2720935689,Banco Promerica,Promerica,Maggee,Shergold,6816494733,Banco Promerica,Promerica,739,2/04/2021 15:11
Daffy,Marages,2720935689,Banco Promerica,Promerica,Stormy,Mathieu,1952883946,Banco Agromercantil,BAM,2652,14/03/2021 23:26
Leonelle,Copp,2843482992,Banco Agromercantil,BAM,Boote,Pina,208181717,Banco G&T,G&T,5715,30/06/2020 02:23
Leonelle,Copp,2843482992,Banco Agromercantil,BAM,Corliss,McCord,5563911438,Banco Promerica,Promerica,8745,9/04/2020 10:18
Riva,Gaven,2897073799,Banco Agromercantil,BAM,Tina,De Beauchemp,6668839878,Banco Industrial,BI,7459,7/01/2020 07:13
Riva,Gaven,2897073799,Banco Agromercantil,BAM,Tina,De Beauchemp,6668839878,Banco Industrial,BI,143,19/01/2021 15:49
Riva,Gaven,2897073799,Banco Agromercantil,BAM,Maressa,Delgadillo,3899636643,Banco Industrial,BI,1901,8/03/2021 08:05
Riva,Gaven,2897073799,Banco Promerica,Promerica,Riva,Gaven,2897073799,Banco Promerica,Promerica,501,12/06/2020 21:47
Riva,Gaven,2897073799,Banco Promerica,Promerica,Arlin,Bruckner,7819264039,Banco Promerica,Promerica,4737,1/09/2020 17:10
Riva,Gaven,2897073799,Banco Promerica,Promerica,Devin,Sheere,2286509069,Banco G&T,G&T,9936,29/01/2020 15:59
Riva,Gaven,2897073799,Banco Promerica,Promerica,Riva,Gaven,2897073799,Banco G&T,G&T,2883,22/03/2020 19:58
Riva,Gaven,2897073799,Banco Promerica,Promerica,Hieronymus,Penn,3070506224,Banco de desarrollo rural,BANRURAL,9607,10/12/2020 18:52
Riva,Gaven,2897073799,Banco Promerica,Promerica,Luelle,Barenskie,8068530312,Banco G&T,G&T,4548,10/04/2020 10:30
Hieronymus,Penn,3070506224,Banco de desarrollo rural,BANRURAL,Inga,Cromleholme,3179095431,Banco Promerica,Promerica,1076,5/02/2020 05:34
Hieronymus,Penn,3070506224,Banco de desarrollo rural,BANRURAL,Tina,De Beauchemp,6668839878,Banco Agromercantil,BAM,156,14/04/2021 06:36
Hieronymus,Penn,3070506224,Banco de desarrollo rural,BANRURAL,Nelia,Hathway,1962610551,Banco Industrial,BI,8404,1/04/2020 05:37
Hieronymus,Penn,3070506224,Banco de desarrollo rural,BANRURAL,Henriette,Stag,5203620156,Banco de desarrollo rural,BANRURAL,3499,10/06/2020 19:28
Inga,Cromleholme,3179095431,Banco Industrial,BI,Raff,Meah,3693967563,Banco G&T,G&T,3132,18/11/2020 14:49
Inga,Cromleholme,3179095431,Banco Industrial,BI,Inga,Cromleholme,3179095431,Banco Promerica,Promerica,9750,18/06/2020 13:50
Inga,Cromleholme,3179095431,Banco Industrial,BI,Koressa,Knowler,7737952055,Banco de desarrollo rural,BANRURAL,7134,16/02/2020 00:51
Inga,Cromleholme,3179095431,Banco Industrial,BI,Neill,Esser,7964176803,Banco Industrial,BI,6824,18/12/2020 18:15
Inga,Cromleholme,3179095431,Banco Industrial,BI,Konstanze,Blood,7873382966,Banco Industrial,BI,951,9/03/2021 11:51
Inga,Cromleholme,3179095431,Banco Promerica,Promerica,Nelia,Hathway,1962610551,Banco Industrial,BI,9230,28/08/2020 23:21
Inga,Cromleholme,3179095431,Banco Promerica,Promerica,Inga,Cromleholme,3179095431,Banco Promerica,Promerica,1997,3/06/2020 11:36
Inga,Cromleholme,3179095431,Banco Promerica,Promerica,Dale,Goslin,4243293546,Banco G&T,G&T,1141,4/12/2020 15:06
Inga,Cromleholme,3179095431,Banco Promerica,Promerica,Cherise,Pluvier,9622621546,Banco Industrial,BI,6036,4/08/2020 19:08
Jeanne,Ciottoi,3199681735,Banco de desarrollo rural,BANRURAL,Leann,Buncher,7589827045,Banco Industrial,BI,6229,11/11/2020 01:28
Jeanne,Ciottoi,3199681735,Banco de desarrollo rural,BANRURAL,Alfie,Castellaccio,2344960856,Banco G&T,G&T,7753,6/10/2020 17:50
Ulla,Balloch,3278286464,Banco G&T,G&T,Jarid,McEniry,7858016997,Banco de desarrollo rural,BANRURAL,139,20/01/2020 19:55
Ulla,Balloch,3278286464,Banco Promerica,Promerica,Arlin,Bruckner,7819264039,Banco de desarrollo rural,BANRURAL,3360,30/01/2020 13:02
Collie,Leatherland,3334586502,Banco Industrial,BI,Elnore,Foy,6154977174,Banco de desarrollo rural,BANRURAL,9464,16/10/2020 11:48
Collie,Leatherland,3334586502,Banco Industrial,BI,Antonetta,Bowler,4380702766,Banco Agromercantil,BAM,9661,5/11/2020 02:26
Collie,Leatherland,3334586502,Banco Industrial,BI,Margo,Aspinall,8574878405,Banco Industrial,BI,3739,12/08/2020 06:08
Collie,Leatherland,3334586502,Banco Industrial,BI,Gracia,Burchill,5981356200,Banco Promerica,Promerica,9965,22/07/2020 17:46
Collie,Leatherland,3334586502,Banco Industrial,BI,Konstanze,Blood,7873382966,Banco Promerica,Promerica,7221,19/10/2020 08:50
Collie,Leatherland,3334586502,Banco Promerica,Promerica,Vassili,Drowsfield,3345353652,Banco Agromercantil,BAM,5184,13/06/2020 10:31
Collie,Leatherland,3334586502,Banco Promerica,Promerica,Arleta,Umbert,1805028979,Banco G&T,G&T,841,14/02/2020 14:46
Collie,Leatherland,3334586502,Banco Promerica,Promerica,Dale,Goslin,4243293546,Banco G&T,G&T,388,25/03/2021 00:58
Collie,Leatherland,3334586502,Banco Promerica,Promerica,Morgun,Coots,6920115220,Banco G&T,G&T,9145,13/04/2021 23:54
Vassili,Drowsfield,3345353652,Banco Agromercantil,BAM,Sax,Stephenson,4640351089,Banco Agromercantil,BAM,7674,11/03/2021 13:38
Vassili,Drowsfield,3345353652,Banco Agromercantil,BAM,Bobbette,Dutton,930849132,Banco Industrial,BI,2502,3/01/2020 19:52
Vassili,Drowsfield,3345353652,Banco G&T,G&T,Devin,Sheere,2286509069,Banco G&T,G&T,3890,5/08/2020 23:25
Vassili,Drowsfield,3345353652,Banco G&T,G&T,Alexander,Amor,7361225500,Banco Promerica,Promerica,7797,6/04/2020 10:56
Vassili,Drowsfield,3345353652,Banco G&T,G&T,Nelia,Hathway,1962610551,Banco Promerica,Promerica,7938,6/09/2020 05:41
Vassili,Drowsfield,3345353652,Banco Promerica,Promerica,Lauralee,Britnell,8712012858,Banco Industrial,BI,8911,15/01/2021 16:53
Vassili,Drowsfield,3345353652,Banco Promerica,Promerica,Hali,Peebles,1909436437,Banco Industrial,BI,61,14/03/2021 12:27
Vassili,Drowsfield,3345353652,Banco Promerica,Promerica,Phaidra,Thornthwaite,7422400781,Banco Agromercantil,BAM,4728,19/04/2020 23:43
Ardys,Cave,3418211453,Banco Promerica,Promerica,Leonid,Berrey,9488599294,Banco Promerica,Promerica,6454,1/10/2020 20:17
Ardys,Cave,3418211453,Banco Promerica,Promerica,Joelynn,De Gregoli,9835876975,Banco Promerica,Promerica,6311,27/03/2021 20:25
Willie,Brahan,3601075148,Banco G&T,G&T,Deni,Tarn,6467582497,Banco G&T,G&T,377,28/09/2020 08:49
Willie,Brahan,3601075148,Banco G&T,G&T,Inga,Cromleholme,3179095431,Banco Promerica,Promerica,5593,19/09/2020 22:35
Willie,Brahan,3601075148,Banco G&T,G&T,Riva,Gaven,2897073799,Banco Promerica,Promerica,9060,12/02/2020 02:21
Willie,Brahan,3601075148,Banco G&T,G&T,Maressa,Delgadillo,3899636643,Banco Industrial,BI,3369,5/04/2020 21:23
Willie,Brahan,3601075148,Banco G&T,G&T,Vassili,Drowsfield,3345353652,Banco Agromercantil,BAM,2118,24/01/2020 11:52
Willie,Brahan,3601075148,Banco Promerica,Promerica,Konstanze,Blood,7873382966,Banco Agromercantil,BAM,4731,13/08/2020 08:36
Willie,Brahan,3601075148,Banco Promerica,Promerica,Jolie,Tollfree,4105124471,Banco G&T,G&T,2295,23/10/2020 03:59
Willie,Brahan,3601075148,Banco Promerica,Promerica,Deni,Tarn,6467582497,Banco G&T,G&T,2936,21/06/2020 05:40
Willie,Brahan,3601075148,Banco Promerica,Promerica,Vassili,Drowsfield,3345353652,Banco Agromercantil,BAM,4290,5/01/2021 03:22
Willie,Brahan,3601075148,Banco Promerica,Promerica,Colas,Feek,440057779,Banco Agromercantil,BAM,7634,10/08/2020 05:31
Willie,Brahan,3601075148,Banco Promerica,Promerica,Cherry,Youtead,6393106875,Banco de desarrollo rural,BANRURAL,362,17/02/2021 04:48
Raff,Meah,3693967563,Banco G&T,G&T,Cully,Matyugin,7652775906,Banco de desarrollo rural,BANRURAL,8793,8/01/2021 14:57
Raff,Meah,3693967563,Banco G&T,G&T,Carmita,Hiscoke,8640571546,Banco Agromercantil,BAM,4256,10/03/2021 01:22
Raff,Meah,3693967563,Banco Industrial,BI,Tripp,Ingree,3888897025,Banco Agromercantil,BAM,6010,23/02/2021 23:55
Raff,Meah,3693967563,Banco Industrial,BI,Arleta,Umbert,1805028979,Banco Industrial,BI,8175,19/07/2020 07:56
Raff,Meah,3693967563,Banco Industrial,BI,Hali,Peebles,1909436437,Banco Promerica,Promerica,485,26/04/2020 21:17
Reinwald,Raphael,3808552263,Banco Industrial,BI,Javier,Theodore,1485345081,Banco Industrial,BI,9089,29/01/2021 02:15
Reinwald,Raphael,3808552263,Banco Industrial,BI,Morgun,Coots,6920115220,Banco Promerica,Promerica,3881,17/02/2021 13:18
Reinwald,Raphael,3808552263,Banco Industrial,BI,Vassili,Drowsfield,3345353652,Banco Agromercantil,BAM,8118,28/02/2021 00:29
Reinwald,Raphael,3808552263,Banco Industrial,BI,Ike,Nickels,6290621491,Banco de desarrollo rural,BANRURAL,8127,15/09/2020 09:30
Tripp,Ingree,3888897025,Banco Agromercantil,BAM,Tina,De Beauchemp,6668839878,Banco Agromercantil,BAM,3849,4/02/2021 14:56
Tripp,Ingree,3888897025,Banco Agromercantil,BAM,Hieronymus,Penn,3070506224,Banco de desarrollo rural,BANRURAL,5556,14/07/2020 04:16
Tripp,Ingree,3888897025,Banco Agromercantil,BAM,Reinwald,Raphael,3808552263,Banco Industrial,BI,3220,14/08/2020 17:32
Tripp,Ingree,3888897025,Banco Agromercantil,BAM,Alfie,Castellaccio,2344960856,Banco de desarrollo rural,BANRURAL,4761,5/05/2020 12:02
Tripp,Ingree,3888897025,Banco Agromercantil,BAM,Janith,Metheringham,6172401947,Banco Industrial,BI,4929,27/05/2020 16:06
Tripp,Ingree,3888897025,Banco Agromercantil,BAM,Deni,Tarn,6467582497,Banco Promerica,Promerica,3518,15/04/2021 11:31
Maressa,Delgadillo,3899636643,Banco Industrial,BI,Raff,Meah,3693967563,Banco Industrial,BI,2343,18/06/2020 05:32
Maressa,Delgadillo,3899636643,Banco Industrial,BI,Arlin,Bruckner,7819264039,Banco Promerica,Promerica,3462,20/09/2020 21:44
Maressa,Delgadillo,3899636643,Banco Industrial,BI,Horatia,Brumpton,1653130695,Banco G&T,G&T,477,28/12/2020 23:50
Arron,Dalziel,4113842388,Banco de desarrollo rural,BANRURAL,Leann,Buncher,7589827045,Banco Industrial,BI,7594,1/03/2021 09:20
Arron,Dalziel,4113842388,Banco de desarrollo rural,BANRURAL,Jeanne,Ciottoi,3199681735,Banco Industrial,BI,3125,16/02/2020 01:17
Arron,Dalziel,4113842388,Banco G&T,G&T,Vonny,Westall,2354138652,Banco G&T,G&T,5927,28/02/2020 14:06
Arron,Dalziel,4113842388,Banco G&T,G&T,Morgun,Coots,6920115220,Banco Promerica,Promerica,1251,3/05/2020 05:45
Arron,Dalziel,4113842388,Banco G&T,G&T,Colas,Feek,440057779,Banco G&T,G&T,663,24/12/2020 08:13
Dale,Goslin,4243293546,Banco G&T,G&T,Abigale,Crann,1187255777,Banco Industrial,BI,7680,9/10/2020 07:41
Dale,Goslin,4243293546,Banco G&T,G&T,Collie,Leatherland,3334586502,Banco Industrial,BI,336,11/07/2020 08:14
Dale,Goslin,4243293546,Banco G&T,G&T,Elnore,Foy,6154977174,Banco de desarrollo rural,BANRURAL,4424,4/08/2020 04:27
Dale,Goslin,4243293546,Banco G&T,G&T,Margo,Aspinall,8574878405,Banco de desarrollo rural,BANRURAL,7542,30/05/2020 09:10
Dale,Goslin,4243293546,Banco Promerica,Promerica,Dale,Goslin,4243293546,Banco G&T,G&T,7611,19/05/2020 14:00
Dale,Goslin,4243293546,Banco Promerica,Promerica,Chrissy,Fells,1432225464,Banco G&T,G&T,6610,28/04/2020 03:37
Donielle,Duckham,4348903484,Banco de desarrollo rural,BANRURAL,Alfie,Castellaccio,2344960856,Banco de desarrollo rural,BANRURAL,7091,18/02/2021 10:47
Donielle,Duckham,4348903484,Banco de desarrollo rural,BANRURAL,Raff,Meah,3693967563,Banco G&T,G&T,5474,10/02/2020 09:53
Antonetta,Bowler,4380702766,Banco Agromercantil,BAM,Devin,Sheere,2286509069,Banco Agromercantil,BAM,8384,8/01/2021 15:59
Antonetta,Bowler,4380702766,Banco Agromercantil,BAM,Koressa,Knowler,7737952055,Banco Promerica,Promerica,5169,26/08/2020 15:48
Antonetta,Bowler,4380702766,Banco Agromercantil,BAM,Arron,Dalziel,4113842388,Banco de desarrollo rural,BANRURAL,4190,10/10/2020 23:49
Antonetta,Bowler,4380702766,Banco Agromercantil,BAM,Ulla,Balloch,3278286464,Banco Promerica,Promerica,6751,15/08/2020 05:58
Antonetta,Bowler,4380702766,Banco Agromercantil,BAM,Hali,Peebles,1909436437,Banco Promerica,Promerica,912,2/03/2021 04:24
Antonetta,Bowler,4380702766,Banco de desarrollo rural,BANRURAL,Henriette,Stag,5203620156,Banco de desarrollo rural,BANRURAL,7882,21/06/2020 01:07
Antonetta,Bowler,4380702766,Banco de desarrollo rural,BANRURAL,Abigale,Crann,1187255777,Banco Agromercantil,BAM,5803,22/01/2020 05:00
Antonetta,Bowler,4380702766,Banco de desarrollo rural,BANRURAL,Maressa,Delgadillo,3899636643,Banco Industrial,BI,6534,4/03/2021 06:06
Sascha,Kennedy,4464029000,Banco G&T,G&T,Manuel,Gouldstone,2293547442,Banco G&T,G&T,762,29/09/2020 00:21
Sascha,Kennedy,4464029000,Banco G&T,G&T,Hali,Peebles,1909436437,Banco Industrial,BI,1198,19/03/2021 03:50
Sascha,Kennedy,4464029000,Banco Promerica,Promerica,Konstanze,Blood,7873382966,Banco Agromercantil,BAM,4844,21/11/2020 13:23
Sascha,Kennedy,4464029000,Banco Promerica,Promerica,Colas,Feek,440057779,Banco Industrial,BI,9360,31/07/2020 18:37
Sascha,Kennedy,4464029000,Banco Promerica,Promerica,Esme,Seifenmacher,7341877243,Banco Industrial,BI,6596,15/03/2020 02:49
Sascha,Kennedy,4464029000,Banco Promerica,Promerica,Arlin,Bruckner,7819264039,Banco de desarrollo rural,BANRURAL,6963,17/02/2021 02:14
Sascha,Kennedy,4464029000,Banco Promerica,Promerica,Kizzie,Pettman,6981272008,Banco Industrial,BI,2491,7/05/2020 09:20
Puff,Huerta,4474118367,Banco de desarrollo rural,BANRURAL,Koressa,Knowler,7737952055,Banco Industrial,BI,6088,8/03/2021 03:08
Puff,Huerta,4474118367,Banco G&T,G&T,Maressa,Delgadillo,3899636643,Banco Industrial,BI,8277,14/04/2020 19:07
Puff,Huerta,4474118367,Banco G&T,G&T,Collie,Leatherland,3334586502,Banco Promerica,Promerica,6597,6/04/2021 23:23
Sax,Stephenson,4640351089,Banco Agromercantil,BAM,Jeanie,Badman,2320648240,Banco Agromercantil,BAM,4092,24/10/2020 19:31
Sax,Stephenson,4640351089,Banco Agromercantil,BAM,Margo,Aspinall,8574878405,Banco Agromercantil,BAM,4613,11/10/2020 17:21
Sax,Stephenson,4640351089,Banco Agromercantil,BAM,Ty,Kittow,1976810418,Banco G&T,G&T,1141,13/04/2020 05:35
Sax,Stephenson,4640351089,Banco Agromercantil,BAM,Horatia,Brumpton,1653130695,Banco Agromercantil,BAM,4780,9/03/2021 16:28
Sax,Stephenson,4640351089,Banco Agromercantil,BAM,Raff,Meah,3693967563,Banco Industrial,BI,8004,11/08/2020 19:25
Sax,Stephenson,4640351089,Banco Agromercantil,BAM,Horatia,Brumpton,1653130695,Banco G&T,G&T,3391,22/07/2020 06:20
Sax,Stephenson,4640351089,Banco Agromercantil,BAM,Sunny,Alvin,6456388384,Banco Promerica,Promerica,8020,4/05/2020 19:19
Willy,Geraldo,4650277515,Banco de desarrollo rural,BANRURAL,Joelynn,De Gregoli,9835876975,Banco G&T,G&T,2388,22/12/2020 21:42
Willy,Geraldo,4650277515,Banco de desarrollo rural,BANRURAL,Carmita,Hiscoke,8640571546,Banco Agromercantil,BAM,4392,9/05/2020 15:35
Henriette,Stag,5203620156,Banco de desarrollo rural,BANRURAL,Arleta,Umbert,1805028979,Banco G&T,G&T,9160,16/11/2020 04:06
Henriette,Stag,5203620156,Banco de desarrollo rural,BANRURAL,Tina,De Beauchemp,6668839878,Banco Agromercantil,BAM,2507,22/05/2020 17:02
Zack,Stainton - Skinn,5413394497,Banco Promerica,Promerica,Daffy,Marages,2720935689,Banco Promerica,Promerica,9993,16/02/2021 23:28
Zack,Stainton - Skinn,5413394497,Banco Promerica,Promerica,Willie,Brahan,3601075148,Banco G&T,G&T,143,13/02/2021 17:52
Zack,Stainton - Skinn,5413394497,Banco Promerica,Promerica,Collie,Leatherland,3334586502,Banco Promerica,Promerica,8444,13/12/2020 07:30
Corliss,McCord,5563911438,Banco Agromercantil,BAM,Jolie,Tollfree,4105124471,Banco G&T,G&T,6767,14/12/2020 10:03
Corliss,McCord,5563911438,Banco Agromercantil,BAM,Zack,Stainton - Skinn,5413394497,Banco Promerica,Promerica,4224,13/03/2020 12:45
Corliss,McCord,5563911438,Banco Agromercantil,BAM,Boote,Pina,208181717,Banco Industrial,BI,1875,16/01/2020 06:16
Corliss,McCord,5563911438,Banco Promerica,Promerica,Antonetta,Bowler,4380702766,Banco de desarrollo rural,BANRURAL,2174,4/02/2021 04:40
Timmi,Hovie,5618537931,Banco Agromercantil,BAM,Abigale,Crann,1187255777,Banco Industrial,BI,769,29/03/2020 22:07
Timmi,Hovie,5618537931,Banco Agromercantil,BAM,Giordano,Rimington,270162925,Banco de desarrollo rural,BANRURAL,9179,19/06/2020 19:05
Timmi,Hovie,5618537931,Banco G&T,G&T,Gearard,Laye,9158606432,Banco de desarrollo rural,BANRURAL,3581,10/11/2020 18:41
Timmi,Hovie,5618537931,Banco G&T,G&T,Stormy,Mathieu,1952883946,Banco G&T,G&T,3526,6/09/2020 07:37
Locke,Kordas,5791637586,Banco G&T,G&T,Cully,Matyugin,7652775906,Banco de desarrollo rural,BANRURAL,4801,17/07/2020 20:50
Locke,Kordas,5791637586,Banco G&T,G&T,Ardys,Cave,3418211453,Banco Promerica,Promerica,8925,11/06/2020 06:21
Locke,Kordas,5791637586,Banco G&T,G&T,Neill,Esser,7964176803,Banco Industrial,BI,7495,17/01/2020 21:39
Locke,Kordas,5791637586,Banco Promerica,Promerica,Maggee,Shergold,6816494733,Banco Promerica,Promerica,1058,1/03/2020 06:01
Locke,Kordas,5791637586,Banco Promerica,Promerica,Collie,Leatherland,3334586502,Banco Industrial,BI,5142,6/04/2020 16:58
Locke,Kordas,5791637586,Banco Promerica,Promerica,Chrissy,Fells,1432225464,Banco Industrial,BI,6383,11/04/2021 16:54
Locke,Kordas,5791637586,Banco Promerica,Promerica,Stormy,Mathieu,1952883946,Banco Agromercantil,BAM,318,15/02/2021 10:35
Locke,Kordas,5791637586,Banco Promerica,Promerica,Arlin,Bruckner,7819264039,Banco de desarrollo rural,BANRURAL,1084,4/06/2020 00:20
Locke,Kordas,5791637586,Banco Promerica,Promerica,Collie,Leatherland,3334586502,Banco G&T,G&T,615,21/08/2020 23:06
Paul,Fleming,5878519224,Banco Promerica,Promerica,Arleta,Umbert,1805028979,Banco G&T,G&T,6916,9/12/2020 05:33
Paul,Fleming,5878519224,Banco Promerica,Promerica,Bobbette,Dutton,930849132,Banco G&T,G&T,2365,31/10/2020 20:39
Paul,Fleming,5878519224,Banco Promerica,Promerica,Collie,Leatherland,3334586502,Banco Industrial,BI,4426,19/04/2020 14:11
Gracia,Burchill,5981356200,Banco de desarrollo rural,BANRURAL,Phaidra,Thornthwaite,7422400781,Banco de desarrollo rural,BANRURAL,3119,8/10/2020 13:53
Gracia,Burchill,5981356200,Banco de desarrollo rural,BANRURAL,Sax,Stephenson,4640351089,Banco Agromercantil,BAM,800,2/02/2021 12:02
Gracia,Burchill,5981356200,Banco Promerica,Promerica,Horatia,Brumpton,1653130695,Banco G&T,G&T,2781,12/03/2021 06:13
Gracia,Burchill,5981356200,Banco Promerica,Promerica,Konstanze,Blood,7873382966,Banco Agromercantil,BAM,6518,9/12/2020 10:15
Elnore,Foy,6154977174,Banco Agromercantil,BAM,Timmi,Hovie,5618537931,Banco G&T,G&T,4790,2/03/2021 05:59
Elnore,Foy,6154977174,Banco Agromercantil,BAM,Deni,Tarn,6467582497,Banco Promerica,Promerica,5058,3/01/2020 00:03
Elnore,Foy,6154977174,Banco Agromercantil,BAM,Phaidra,Thornthwaite,7422400781,Banco de desarrollo rural,BANRURAL,4431,16/01/2020 18:23
Janith,Metheringham,6172401947,Banco Agromercantil,BAM,Alfie,Castellaccio,2344960856,Banco Agromercantil,BAM,9675,27/07/2020 21:50
Janith,Metheringham,6172401947,Banco Agromercantil,BAM,Alfie,Castellaccio,2344960856,Banco Agromercantil,BAM,2606,15/03/2020 16:16
Janith,Metheringham,6172401947,Banco Agromercantil,BAM,Kit,Tottman,445543914,Banco G&T,G&T,1119,28/11/2020 12:49
Janith,Metheringham,6172401947,Banco Industrial,BI,Maggee,Shergold,6816494733,Banco Promerica,Promerica,153,4/10/2020 14:38
Ike,Nickels,6290621491,Banco de desarrollo rural,BANRURAL,Willie,Brahan,3601075148,Banco Promerica,Promerica,9210,23/12/2020 16:13
Ike,Nickels,6290621491,Banco de desarrollo rural,BANRURAL,Jeanne,Ciottoi,3199681735,Banco Industrial,BI,1240,29/01/2020 15:20
Ike,Nickels,6290621491,Banco de desarrollo rural,BANRURAL,Ty,Kittow,1976810418,Banco de desarrollo rural,BANRURAL,1160,28/01/2021 12:33
Dahlia,Greiser,6310900986,Banco Industrial,BI,Chrissy,Fells,1432225464,Banco G&T,G&T,1311,29/02/2020 11:47
Dahlia,Greiser,6310900986,Banco Industrial,BI,Colas,Feek,440057779,Banco Agromercantil,BAM,3484,16/08/2020 04:30
Cherry,Youtead,6393106875,Banco de desarrollo rural,BANRURAL,Hali,Peebles,1909436437,Banco de desarrollo rural,BANRURAL,8817,25/01/2021 15:05
Cherry,Youtead,6393106875,Banco de desarrollo rural,BANRURAL,Leann,Buncher,7589827045,Banco Industrial,BI,2862,27/03/2021 21:57
Cherry,Youtead,6393106875,Banco G&T,G&T,Koressa,Knowler,7737952055,Banco G&T,G&T,9423,24/10/2020 10:35
Cherry,Youtead,6393106875,Banco G&T,G&T,Nelia,Hathway,1962610551,Banco Industrial,BI,699,24/11/2020 14:51
Cherry,Youtead,6393106875,Banco G&T,G&T,Chrissy,Fells,1432225464,Banco Industrial,BI,4183,3/01/2021 20:45
Cherry,Youtead,6393106875,Banco G&T,G&T,Henriette,Stag,5203620156,Banco de desarrollo rural,BANRURAL,9401,31/12/2020 13:25
Cherry,Youtead,6393106875,Banco Promerica,Promerica,Collie,Leatherland,3334586502,Banco G&T,G&T,9718,17/01/2020 17:50
Cherry,Youtead,6393106875,Banco Promerica,Promerica,Hieronymus,Penn,3070506224,Banco de desarrollo rural,BANRURAL,1328,24/06/2020 14:57
Cherry,Youtead,6393106875,Banco Promerica,Promerica,Alfie,Castellaccio,2344960856,Banco Agromercantil,BAM,9456,22/03/2020 23:16
Cherry,Youtead,6393106875,Banco Promerica,Promerica,Henriette,Stag,5203620156,Banco de desarrollo rural,BANRURAL,5410,9/10/2020 23:36
Cherry,Youtead,6393106875,Banco Promerica,Promerica,Horatia,Brumpton,1653130695,Banco G&T,G&T,507,6/01/2020 22:07
Sunny,Alvin,6456388384,Banco Agromercantil,BAM,Inga,Cromleholme,3179095431,Banco Agromercantil,BAM,7836,14/06/2020 15:07
Sunny,Alvin,6456388384,Banco Agromercantil,BAM,Esme,Seifenmacher,7341877243,Banco Promerica,Promerica,680,1/07/2020 04:14
Sunny,Alvin,6456388384,Banco Agromercantil,BAM,Willie,Brahan,3601075148,Banco Promerica,Promerica,8175,11/03/2021 10:01
Sunny,Alvin,6456388384,Banco Agromercantil,BAM,Puff,Huerta,4474118367,Banco de desarrollo rural,BANRURAL,1094,1/08/2020 20:10
Sunny,Alvin,6456388384,Banco Promerica,Promerica,Arleta,Umbert,1805028979,Banco Industrial,BI,6787,22/11/2020 19:50
Deni,Tarn,6467582497,Banco Agromercantil,BAM,Tina,De Beauchemp,6668839878,Banco Industrial,BI,8120,9/02/2020 20:34
Deni,Tarn,6467582497,Banco de desarrollo rural,BANRURAL,Giordano,Rimington,270162925,Banco Industrial,BI,4426,25/02/2020 09:08
Deni,Tarn,6467582497,Banco de desarrollo rural,BANRURAL,Morgun,Coots,6920115220,Banco Promerica,Promerica,3200,6/07/2020 16:22
Deni,Tarn,6467582497,Banco de desarrollo rural,BANRURAL,Hali,Peebles,1909436437,Banco de desarrollo rural,BANRURAL,1922,27/03/2021 00:51
Deni,Tarn,6467582497,Banco de desarrollo rural,BANRURAL,Phaidra,Thornthwaite,7422400781,Banco de desarrollo rural,BANRURAL,8570,21/09/2020 17:05
Deni,Tarn,6467582497,Banco de desarrollo rural,BANRURAL,Giordano,Rimington,270162925,Banco G&T,G&T,6864,13/11/2020 20:51
Deni,Tarn,6467582497,Banco G&T,G&T,Esme,Seifenmacher,7341877243,Banco Industrial,BI,3888,3/05/2020 10:35
Deni,Tarn,6467582497,Banco G&T,G&T,Hali,Peebles,1909436437,Banco de desarrollo rural,BANRURAL,7344,6/04/2020 01:40
Deni,Tarn,6467582497,Banco G&T,G&T,Daffy,Marages,2720935689,Banco Promerica,Promerica,8263,18/07/2020 20:52
Deni,Tarn,6467582497,Banco G&T,G&T,Collie,Leatherland,3334586502,Banco Industrial,BI,2878,23/11/2020 10:58
Deni,Tarn,6467582497,Banco G&T,G&T,Bobbette,Dutton,930849132,Banco G&T,G&T,2517,11/03/2020 12:03
Deni,Tarn,6467582497,Banco G&T,G&T,Ulla,Balloch,3278286464,Banco Promerica,Promerica,7035,17/02/2021 17:52
Deni,Tarn,6467582497,Banco Promerica,Promerica,Reinwald,Raphael,3808552263,Banco Industrial,BI,313,2/11/2020 09:12
Deni,Tarn,6467582497,Banco Promerica,Promerica,Dahlia,Greiser,6310900986,Banco Industrial,BI,6989,2/08/2020 01:56
Deni,Tarn,6467582497,Banco Promerica,Promerica,Horatia,Brumpton,1653130695,Banco G&T,G&T,9087,8/08/2020 08:28
Deni,Tarn,6467582497,Banco Promerica,Promerica,Alfie,Castellaccio,2344960856,Banco de desarrollo rural,BANRURAL,1034,9/11/2020 07:38
Deni,Tarn,6467582497,Banco Promerica,Promerica,Bobbette,Dutton,930849132,Banco Promerica,Promerica,3577,20/01/2021 07:03
Deni,Tarn,6467582497,Banco Promerica,Promerica,Willie,Brahan,3601075148,Banco Promerica,Promerica,2585,10/08/2020 17:54
Tina,De Beauchemp,6668839878,Banco Agromercantil,BAM,Phaidra,Thornthwaite,7422400781,Banco de desarrollo rural,BANRURAL,6603,3/02/2021 00:38
Tina,De Beauchemp,6668839878,Banco Agromercantil,BAM,Chrissy,Fells,1432225464,Banco Industrial,BI,2808,14/04/2020 00:13
Tina,De Beauchemp,6668839878,Banco Agromercantil,BAM,Nelia,Hathway,1962610551,Banco Industrial,BI,6887,23/01/2020 20:06
Tina,De Beauchemp,6668839878,Banco Agromercantil,BAM,Bobbette,Dutton,930849132,Banco G&T,G&T,9361,14/04/2020 14:09
Tina,De Beauchemp,6668839878,Banco Agromercantil,BAM,Hali,Peebles,1909436437,Banco Industrial,BI,2900,18/05/2020 14:19
Tina,De Beauchemp,6668839878,Banco de desarrollo rural,BANRURAL,Cully,Matyugin,7652775906,Banco Promerica,Promerica,6260,26/06/2020 10:42
Tina,De Beauchemp,6668839878,Banco Industrial,BI,Koressa,Knowler,7737952055,Banco G&T,G&T,8012,24/03/2020 07:25
Tina,De Beauchemp,6668839878,Banco Industrial,BI,Kizzie,Pettman,6981272008,Banco Promerica,Promerica,2643,19/10/2020 05:40
Tina,De Beauchemp,6668839878,Banco Promerica,Promerica,Esme,Seifenmacher,7341877243,Banco Industrial,BI,8410,1/02/2020 06:09
Tina,De Beauchemp,6668839878,Banco Promerica,Promerica,Elnore,Foy,6154977174,Banco Agromercantil,BAM,6618,23/09/2020 13:14
Tina,De Beauchemp,6668839878,Banco Promerica,Promerica,Luelle,Barenskie,8068530312,Banco G&T,G&T,9895,24/03/2020 09:43
Tina,De Beauchemp,6668839878,Banco Promerica,Promerica,Abigale,Crann,1187255777,Banco Industrial,BI,9319,17/07/2020 02:35
Tina,De Beauchemp,6668839878,Banco Promerica,Promerica,Arleta,Umbert,1805028979,Banco Industrial,BI,2559,1/02/2020 05:24
Maggee,Shergold,6816494733,Banco Industrial,BI,Alfie,Castellaccio,2344960856,Banco G&T,G&T,6782,15/04/2020 15:53
Maggee,Shergold,6816494733,Banco Industrial,BI,Vassili,Drowsfield,3345353652,Banco Promerica,Promerica,4033,25/02/2020 13:35
Maggee,Shergold,6816494733,Banco Industrial,BI,Reinwald,Raphael,3808552263,Banco Industrial,BI,2190,3/03/2020 00:51
Maggee,Shergold,6816494733,Banco Promerica,Promerica,Hali,Peebles,1909436437,Banco Promerica,Promerica,5862,5/03/2020 15:49
Morgun,Coots,6920115220,Banco G&T,G&T,Ulla,Balloch,3278286464,Banco Promerica,Promerica,4893,18/03/2020 07:41
Morgun,Coots,6920115220,Banco G&T,G&T,Konstanze,Blood,7873382966,Banco Agromercantil,BAM,9596,9/03/2021 04:18
Morgun,Coots,6920115220,Banco Industrial,BI,Esme,Seifenmacher,7341877243,Banco Industrial,BI,1706,28/02/2021 09:53
Morgun,Coots,6920115220,Banco Industrial,BI,Deni,Tarn,6467582497,Banco G&T,G&T,9753,16/06/2020 11:55
Morgun,Coots,6920115220,Banco Promerica,Promerica,Raff,Meah,3693967563,Banco G&T,G&T,2053,11/10/2020 05:38
Morgun,Coots,6920115220,Banco Promerica,Promerica,Nelia,Hathway,1962610551,Banco Promerica,Promerica,3900,19/05/2020 02:32
Morgun,Coots,6920115220,Banco Promerica,Promerica,Dahlia,Greiser,6310900986,Banco Industrial,BI,8638,16/09/2020 15:32
Morgun,Coots,6920115220,Banco Promerica,Promerica,Alexander,Amor,7361225500,Banco Promerica,Promerica,1957,12/02/2020 10:42
Kizzie,Pettman,6981272008,Banco Industrial,BI,Morgun,Coots,6920115220,Banco G&T,G&T,6163,24/08/2020 20:38
Kizzie,Pettman,6981272008,Banco Promerica,Promerica,Bobbette,Dutton,930849132,Banco Promerica,Promerica,2545,16/08/2020 18:41
Kizzie,Pettman,6981272008,Banco Promerica,Promerica,Manuel,Gouldstone,2293547442,Banco Industrial,BI,9963,24/02/2021 18:10
Kizzie,Pettman,6981272008,Banco Promerica,Promerica,Inga,Cromleholme,3179095431,Banco Promerica,Promerica,4032,5/08/2020 01:57
Kizzie,Pettman,6981272008,Banco Promerica,Promerica,Manuel,Gouldstone,2293547442,Banco Industrial,BI,8816,9/12/2020 16:14
Kizzie,Pettman,6981272008,Banco Promerica,Promerica,Thoma,Kempster,7725887806,Banco Promerica,Promerica,5460,23/10/2020 13:39
Kizzie,Pettman,6981272008,Banco Promerica,Promerica,Hali,Peebles,1909436437,Banco Industrial,BI,1714,5/01/2021 15:54
Kizzie,Pettman,6981272008,Banco Promerica,Promerica,Jarid,McEniry,7858016997,Banco de desarrollo rural,BANRURAL,583,10/07/2020 21:09
Kizzie,Pettman,6981272008,Banco Promerica,Promerica,Devin,Sheere,2286509069,Banco Agromercantil,BAM,5224,5/03/2021 11:08
Kizzie,Pettman,6981272008,Banco Promerica,Promerica,Joelynn,De Gregoli,9835876975,Banco Promerica,Promerica,9947,6/02/2020 16:26
Kizzie,Pettman,6981272008,Banco Promerica,Promerica,Collie,Leatherland,3334586502,Banco Industrial,BI,1732,6/04/2020 23:46
Kizzie,Pettman,6981272008,Banco Promerica,Promerica,Kit,Tottman,445543914,Banco G&T,G&T,7270,28/05/2020 04:12
Kizzie,Pettman,6981272008,Banco Promerica,Promerica,Horatia,Brumpton,1653130695,Banco G&T,G&T,4817,12/04/2021 06:33
Kizzie,Pettman,6981272008,Banco Promerica,Promerica,Devin,Sheere,2286509069,Banco Industrial,BI,8648,30/08/2020 12:12
Burgess,Goudy,7154849568,Banco Promerica,Promerica,Henriette,Stag,5203620156,Banco de desarrollo rural,BANRURAL,4579,25/05/2020 02:22
Burgess,Goudy,7154849568,Banco Promerica,Promerica,Arlin,Bruckner,7819264039,Banco de desarrollo rural,BANRURAL,5068,6/12/2020 22:54
Burgess,Goudy,7154849568,Banco Promerica,Promerica,Koressa,Knowler,7737952055,Banco Industrial,BI,4208,26/02/2021 05:45
Burgess,Goudy,7154849568,Banco Promerica,Promerica,Nelia,Hathway,1962610551,Banco Industrial,BI,2079,26/07/2020 08:36
Esme,Seifenmacher,7341877243,Banco Industrial,BI,Willie,Brahan,3601075148,Banco Promerica,Promerica,7028,21/11/2020 12:37
Esme,Seifenmacher,7341877243,Banco Industrial,BI,Arleta,Umbert,1805028979,Banco Industrial,BI,7160,15/01/2021 07:58
Esme,Seifenmacher,7341877243,Banco Industrial,BI,Jeanne,Ciottoi,3199681735,Banco Industrial,BI,279,19/09/2020 13:16
Esme,Seifenmacher,7341877243,Banco Industrial,BI,Arron,Dalziel,4113842388,Banco de desarrollo rural,BANRURAL,5375,7/01/2020 22:50
Esme,Seifenmacher,7341877243,Banco Promerica,Promerica,Gearard,Laye,9158606432,Banco de desarrollo rural,BANRURAL,3953,29/03/2020 06:39
Esme,Seifenmacher,7341877243,Banco Promerica,Promerica,Joelynn,De Gregoli,9835876975,Banco Promerica,Promerica,3391,12/04/2021 04:59
Esme,Seifenmacher,7341877243,Banco Promerica,Promerica,Willie,Brahan,3601075148,Banco G&T,G&T,9273,24/10/2020 15:29
Alexander,Amor,7361225500,Banco Promerica,Promerica,Deni,Tarn,6467582497,Banco de desarrollo rural,BANRURAL,9703,9/05/2020 19:47
Alexander,Amor,7361225500,Banco Promerica,Promerica,Horatia,Brumpton,1653130695,Banco G&T,G&T,4550,28/01/2021 18:26
Alexander,Amor,7361225500,Banco Promerica,Promerica,Gracia,Burchill,5981356200,Banco de desarrollo rural,BANRURAL,7075,13/03/2020 14:48
Alexander,Amor,7361225500,Banco Promerica,Promerica,Giordano,Rimington,270162925,Banco de desarrollo rural,BANRURAL,8540,18/09/2020 15:08
Alexander,Amor,7361225500,Banco Promerica,Promerica,Nelia,Hathway,1962610551,Banco G&T,G&T,8030,15/12/2020 17:00
Alexander,Amor,7361225500,Banco Promerica,Promerica,Koressa,Knowler,7737952055,Banco Promerica,Promerica,3158,1/01/2021 20:57
Phaidra,Thornthwaite,7422400781,Banco Agromercantil,BAM,Phaidra,Thornthwaite,7422400781,Banco de desarrollo rural,BANRURAL,2057,7/02/2020 03:20
Phaidra,Thornthwaite,7422400781,Banco Agromercantil,BAM,Alfie,Castellaccio,2344960856,Banco G&T,G&T,9995,11/07/2020 10:59
Phaidra,Thornthwaite,7422400781,Banco de desarrollo rural,BANRURAL,Maggee,Shergold,6816494733,Banco Industrial,BI,7847,3/04/2021 07:12
Phaidra,Thornthwaite,7422400781,Banco de desarrollo rural,BANRURAL,Joelynn,De Gregoli,9835876975,Banco Industrial,BI,6469,18/09/2020 22:07
Phaidra,Thornthwaite,7422400781,Banco de desarrollo rural,BANRURAL,Nelia,Hathway,1962610551,Banco Industrial,BI,5582,28/11/2020 16:04
Phaidra,Thornthwaite,7422400781,Banco de desarrollo rural,BANRURAL,Hali,Peebles,1909436437,Banco de desarrollo rural,BANRURAL,7402,24/04/2020 22:26
Phaidra,Thornthwaite,7422400781,Banco de desarrollo rural,BANRURAL,Boote,Pina,208181717,Banco Industrial,BI,3104,17/03/2020 20:44
Phaidra,Thornthwaite,7422400781,Banco de desarrollo rural,BANRURAL,Timmi,Hovie,5618537931,Banco Agromercantil,BAM,4307,25/03/2020 06:22
Leann,Buncher,7589827045,Banco Industrial,BI,Maggee,Shergold,6816494733,Banco Industrial,BI,8192,19/02/2020 06:47
Leann,Buncher,7589827045,Banco Industrial,BI,Gracia,Burchill,5981356200,Banco de desarrollo rural,BANRURAL,2896,1/10/2020 20:50
Leann,Buncher,7589827045,Banco Industrial,BI,Alfie,Castellaccio,2344960856,Banco de desarrollo rural,BANRURAL,6470,29/10/2020 21:17
Leann,Buncher,7589827045,Banco Industrial,BI,Abigale,Crann,1187255777,Banco Industrial,BI,1350,2/11/2020 23:19
Cully,Matyugin,7652775906,Banco de desarrollo rural,BANRURAL,Jeanie,Badman,2320648240,Banco Agromercantil,BAM,9426,30/07/2020 18:48
Cully,Matyugin,7652775906,Banco Industrial,BI,Sascha,Kennedy,4464029000,Banco G&T,G&T,3301,28/07/2020 12:50
Cully,Matyugin,7652775906,Banco Industrial,BI,Cully,Matyugin,7652775906,Banco Promerica,Promerica,7188,1/04/2021 17:20
Cully,Matyugin,7652775906,Banco Promerica,Promerica,Maggee,Shergold,6816494733,Banco Promerica,Promerica,2688,29/03/2020 17:59
Cully,Matyugin,7652775906,Banco Promerica,Promerica,Lauralee,Britnell,8712012858,Banco Industrial,BI,8950,25/06/2020 11:41
Cully,Matyugin,7652775906,Banco Promerica,Promerica,Chrissy,Fells,1432225464,Banco Industrial,BI,4079,11/01/2020 15:55
Thoma,Kempster,7725887806,Banco Industrial,BI,Maressa,Delgadillo,3899636643,Banco Industrial,BI,5120,8/01/2020 05:22
Thoma,Kempster,7725887806,Banco Industrial,BI,Jolie,Tollfree,4105124471,Banco G&T,G&T,4531,28/11/2020 16:16
Thoma,Kempster,7725887806,Banco Industrial,BI,Bobbette,Dutton,930849132,Banco Industrial,BI,2750,30/03/2020 15:47
Thoma,Kempster,7725887806,Banco Industrial,BI,Janith,Metheringham,6172401947,Banco Industrial,BI,7301,24/05/2020 18:58
Thoma,Kempster,7725887806,Banco Industrial,BI,Koressa,Knowler,7737952055,Banco Promerica,Promerica,1766,19/03/2021 23:04
Thoma,Kempster,7725887806,Banco Industrial,BI,Devin,Sheere,2286509069,Banco Agromercantil,BAM,830,6/01/2021 10:12
Thoma,Kempster,7725887806,Banco Promerica,Promerica,Janith,Metheringham,6172401947,Banco Industrial,BI,5061,10/03/2021 06:39
Koressa,Knowler,7737952055,Banco de desarrollo rural,BANRURAL,Tripp,Ingree,3888897025,Banco Agromercantil,BAM,6169,18/12/2020 00:05
Koressa,Knowler,7737952055,Banco de desarrollo rural,BANRURAL,Javier,Theodore,1485345081,Banco Industrial,BI,684,26/02/2020 12:36
Koressa,Knowler,7737952055,Banco de desarrollo rural,BANRURAL,Neill,Esser,7964176803,Banco Industrial,BI,2215,9/01/2020 06:40
Koressa,Knowler,7737952055,Banco G&T,G&T,Tripp,Ingree,3888897025,Banco Agromercantil,BAM,1959,1/07/2020 06:08
Koressa,Knowler,7737952055,Banco G&T,G&T,Daffy,Marages,2720935689,Banco Promerica,Promerica,1600,27/01/2020 07:04
Koressa,Knowler,7737952055,Banco Industrial,BI,Reinwald,Raphael,3808552263,Banco Industrial,BI,7452,20/01/2021 09:01
Koressa,Knowler,7737952055,Banco Industrial,BI,Stormy,Mathieu,1952883946,Banco G&T,G&T,7922,2/04/2020 17:27
Koressa,Knowler,7737952055,Banco Industrial,BI,Jeanie,Badman,2320648240,Banco G&T,G&T,9668,22/08/2020 09:45
Koressa,Knowler,7737952055,Banco Promerica,Promerica,Puff,Huerta,4474118367,Banco G&T,G&T,6568,19/02/2021 16:18
Koressa,Knowler,7737952055,Banco Promerica,Promerica,Daffy,Marages,2720935689,Banco G&T,G&T,292,16/06/2020 20:30
Arlin,Bruckner,7819264039,Banco de desarrollo rural,BANRURAL,Elnore,Foy,6154977174,Banco Agromercantil,BAM,9094,10/01/2020 06:38
Arlin,Bruckner,7819264039,Banco de desarrollo rural,BANRURAL,Bobbette,Dutton,930849132,Banco Promerica,Promerica,1194,4/04/2020 21:15
Arlin,Bruckner,7819264039,Banco Promerica,Promerica,Hali,Peebles,1909436437,Banco Promerica,Promerica,874,7/01/2020 20:22
Arlin,Bruckner,7819264039,Banco Promerica,Promerica,Luelle,Barenskie,8068530312,Banco G&T,G&T,5410,4/03/2020 16:19
Arlin,Bruckner,7819264039,Banco Promerica,Promerica,Ulla,Balloch,3278286464,Banco Promerica,Promerica,4126,10/02/2020 10:58
Arlin,Bruckner,7819264039,Banco Promerica,Promerica,Lauralee,Britnell,8712012858,Banco Industrial,BI,7960,13/06/2020 04:43
Arlin,Bruckner,7819264039,Banco Promerica,Promerica,Janith,Metheringham,6172401947,Banco Industrial,BI,9601,29/10/2020 23:07
Arlin,Bruckner,7819264039,Banco Promerica,Promerica,Neill,Esser,7964176803,Banco Industrial,BI,6287,24/01/2020 00:26
Jarid,McEniry,7858016997,Banco de desarrollo rural,BANRURAL,Ddene,Tant,2293083373,Banco de desarrollo rural,BANRURAL,7305,2/04/2020 12:24
Konstanze,Blood,7873382966,Banco Industrial,BI,Cherry,Youtead,6393106875,Banco G&T,G&T,6355,28/03/2021 18:32
Konstanze,Blood,7873382966,Banco Industrial,BI,Maggee,Shergold,6816494733,Banco Industrial,BI,1954,21/01/2021 11:31
Konstanze,Blood,7873382966,Banco Industrial,BI,Giordano,Rimington,270162925,Banco G&T,G&T,7648,22/09/2020 21:07
Konstanze,Blood,7873382966,Banco Industrial,BI,Tina,De Beauchemp,6668839878,Banco Agromercantil,BAM,6619,22/04/2020 05:55
Konstanze,Blood,7873382966,Banco Promerica,Promerica,Maggee,Shergold,6816494733,Banco Industrial,BI,5302,30/05/2020 00:36
Konstanze,Blood,7873382966,Banco Promerica,Promerica,Tina,De Beauchemp,6668839878,Banco Agromercantil,BAM,2525,12/08/2020 15:39
Konstanze,Blood,7873382966,Banco Promerica,Promerica,Sunny,Alvin,6456388384,Banco Promerica,Promerica,8267,2/04/2020 10:16
Konstanze,Blood,7873382966,Banco Promerica,Promerica,Reinwald,Raphael,3808552263,Banco Industrial,BI,6621,23/01/2020 01:24
Konstanze,Blood,7873382966,Banco Promerica,Promerica,Arleta,Umbert,1805028979,Banco Promerica,Promerica,9488,26/03/2021 08:17
Neill,Esser,7964176803,Banco Industrial,BI,Arlin,Bruckner,7819264039,Banco de desarrollo rural,BANRURAL,6746,2/04/2020 09:45
Neill,Esser,7964176803,Banco Industrial,BI,Hali,Peebles,1909436437,Banco de desarrollo rural,BANRURAL,597,22/03/2020 15:17
Neill,Esser,7964176803,Banco Industrial,BI,Nelia,Hathway,1962610551,Banco Industrial,BI,2366,19/02/2020 23:57
Neill,Esser,7964176803,Banco Industrial,BI,Elnore,Foy,6154977174,Banco Agromercantil,BAM,3999,22/01/2021 08:58
Luelle,Barenskie,8068530312,Banco G&T,G&T,Alexander,Amor,7361225500,Banco Promerica,Promerica,2232,26/03/2021 04:24
Luelle,Barenskie,8068530312,Banco G&T,G&T,Alexander,Amor,7361225500,Banco Promerica,Promerica,7092,12/01/2020 04:21
Renard,Pelchat,8373980261,Banco Promerica,Promerica,Thoma,Kempster,7725887806,Banco Promerica,Promerica,170,6/05/2020 21:11
Renard,Pelchat,8373980261,Banco Promerica,Promerica,Alfie,Castellaccio,2344960856,Banco de desarrollo rural,BANRURAL,5463,9/02/2021 01:40
Renard,Pelchat,8373980261,Banco Promerica,Promerica,Ulla,Balloch,3278286464,Banco G&T,G&T,6461,18/02/2021 02:09
Renard,Pelchat,8373980261,Banco Promerica,Promerica,Ddene,Tant,2293083373,Banco de desarrollo rural,BANRURAL,242,25/02/2021 18:41
Margo,Aspinall,8574878405,Banco de desarrollo rural,BANRURAL,Tina,De Beauchemp,6668839878,Banco de desarrollo rural,BANRURAL,5819,19/11/2020 23:08
Margo,Aspinall,8574878405,Banco de desarrollo rural,BANRURAL,Alfie,Castellaccio,2344960856,Banco Agromercantil,BAM,3567,2/01/2020 05:56
Margo,Aspinall,8574878405,Banco de desarrollo rural,BANRURAL,Vassili,Drowsfield,3345353652,Banco G&T,G&T,9766,10/08/2020 15:23
Margo,Aspinall,8574878405,Banco Industrial,BI,Sascha,Kennedy,4464029000,Banco G&T,G&T,6608,21/10/2020 09:52
Margo,Aspinall,8574878405,Banco Industrial,BI,Jeanne,Ciottoi,3199681735,Banco de desarrollo rural,BANRURAL,4733,3/02/2020 03:39
Carmita,Hiscoke,8640571546,Banco Agromercantil,BAM,Riva,Gaven,2897073799,Banco G&T,G&T,3961,10/05/2020 19:27
Carmita,Hiscoke,8640571546,Banco Agromercantil,BAM,Alexander,Amor,7361225500,Banco Promerica,Promerica,8493,1/08/2020 10:48
Carmita,Hiscoke,8640571546,Banco Agromercantil,BAM,Esme,Seifenmacher,7341877243,Banco Promerica,Promerica,3171,14/07/2020 09:56
Lauralee,Britnell,8712012858,Banco Industrial,BI,Abigale,Crann,1187255777,Banco Industrial,BI,9305,8/04/2021 15:45
Lauralee,Britnell,8712012858,Banco Industrial,BI,Henriette,Stag,5203620156,Banco de desarrollo rural,BANRURAL,5762,8/12/2020 05:28
Gearard,Laye,9158606432,Banco de desarrollo rural,BANRURAL,Konstanze,Blood,7873382966,Banco Agromercantil,BAM,2523,30/08/2020 12:56
Gearard,Laye,9158606432,Banco de desarrollo rural,BANRURAL,Horatia,Brumpton,1653130695,Banco G&T,G&T,6483,4/02/2020 23:52
Leonid,Berrey,9488599294,Banco Promerica,Promerica,Carmita,Hiscoke,8640571546,Banco Agromercantil,BAM,4725,7/11/2020 18:30
Cherise,Pluvier,9622621546,Banco Industrial,BI,Deni,Tarn,6467582497,Banco Agromercantil,BAM,5451,8/08/2020 15:41
Cherise,Pluvier,9622621546,Banco Industrial,BI,Janith,Metheringham,6172401947,Banco Industrial,BI,5710,22/12/2020 04:34
Cherise,Pluvier,9622621546,Banco Industrial,BI,Ty,Kittow,1976810418,Banco G&T,G&T,8364,2/07/2020 10:52
Joelynn,De Gregoli,9835876975,Banco G&T,G&T,Phaidra,Thornthwaite,7422400781,Banco de desarrollo rural,BANRURAL,8915,5/05/2020 00:48
Joelynn,De Gregoli,9835876975,Banco Industrial,BI,Vassili,Drowsfield,3345353652,Banco G&T,G&T,6522,15/11/2020 18:07
Joelynn,De Gregoli,9835876975,Banco Industrial,BI,Joelynn,De Gregoli,9835876975,Banco G&T,G&T,7821,2/02/2020 00:33
Joelynn,De Gregoli,9835876975,Banco Industrial,BI,Abigale,Crann,1187255777,Banco Agromercantil,BAM,3271,23/11/2020 13:10
Joelynn,De Gregoli,9835876975,Banco Promerica,Promerica,Kizzie,Pettman,6981272008,Banco Industrial,BI,6270,25/12/2020 12:27
Joelynn,De Gregoli,9835876975,Banco Promerica,Promerica,Konstanze,Blood,7873382966,Banco Agromercantil,BAM,784,9/04/2020 19:40
Joelynn,De Gregoli,9835876975,Banco Promerica,Promerica,Koressa,Knowler,7737952055,Banco de desarrollo rural,BANRURAL,5465,11/01/2020 13:07
Joelynn,De Gregoli,9835876975,Banco Promerica,Promerica,Dale,Goslin,4243293546,Banco Promerica,Promerica,8301,31/10/2020 04:35
Joelynn,De Gregoli,9835876975,Banco Promerica,Promerica,Sascha,Kennedy,4464029000,Banco Promerica,Promerica,1604,26/09/2020 15:57
