﻿Nombre_2,Apellido_2,CUI_2,InstitucionBancaria_2,AbreviacionInstitucion_2,TipoCuenta_2,SaldoInicial_2,FechaRegistro2
Abigale,Crann,1187255777,Banco Agromercantil,BAM,Monetaria en $,0,20/07/2020
Jeanie,Badman,2320648240,Banco G&T,G&T,Monetaria en Q,0,10/08/2020
Antonetta,Bowler,4380702766,Banco de desarrollo rural,BANRURAL,Ahorro,217,29/10/2020
Joelynn,De Gregoli,9835876975,Banco Promerica,Promerica,Ahorro,4350,3/05/2020
Colas,Feek,440057779,Banco G&T,G&T,Monetaria en $,2906,31/10/2020
Raff,Meah,3693967563,Banco G&T,G&T,Monetaria en $,1225,25/07/2020
Koressa,Knowler,7737952055,Banco Promerica,Promerica,Ahorro,3065,3/04/2020
Colas,Feek,440057779,Banco G&T,G&T,Monetaria en $,2906,31/10/2020
Cherry,Youtead,6393106875,Banco G&T,G&T,Monetaria en Q,1189,10/07/2020
Collie,Leatherland,3334586502,Banco G&T,G&T,Monetaria en Q,0,20/08/2020
Henriette,Stag,5203620156,Banco de desarrollo rural,BANRURAL,Monetaria en $,0,2/05/2020
Arleta,Umbert,1805028979,Banco G&T,G&T,Monetaria en Q,1863,18/04/2020
Antonetta,Bowler,4380702766,Banco Agromercantil,BAM,Monetaria en $,2300,29/10/2020
Puff,Huerta,4474118367,Banco de desarrollo rural,BANRURAL,Monetaria en Q,0,12/03/2020
Jarid,McEniry,7858016997,Banco de desarrollo rural,BANRURAL,Ahorro,4005,23/03/2020
Arlin,Bruckner,7819264039,Banco Promerica,Promerica,Ahorro,3228,3/04/2020
Joellen,Rickell,677914504,Banco Industrial,BI,Monetaria en Q,2831,22/02/2020
Maggee,Shergold,6816494733,Banco Industrial,BI,Monetaria en Q,0,14/12/2020
Konstanze,Blood,7873382966,Banco Industrial,BI,Ahorro,0,24/11/2020
Abigale,Crann,1187255777,Banco Industrial,BI,Ahorro,0,20/07/2020
Tina,De Beauchemp,6668839878,Banco Agromercantil,BAM,Ahorro,3027,23/01/2020
Manuel,Gouldstone,2293547442,Banco G&T,G&T,Ahorro,0,28/08/2020
Tina,De Beauchemp,6668839878,Banco de desarrollo rural,BANRURAL,Monetaria en $,3942,23/01/2020
Vonny,Westall,2354138652,Banco G&T,G&T,Monetaria en Q,3604,19/01/2020
Maressa,Delgadillo,3899636643,Banco Industrial,BI,Ahorro,0,5/04/2020
Riva,Gaven,2897073799,Banco G&T,G&T,Monetaria en Q,2316,11/10/2020
Corliss,McCord,5563911438,Banco Agromercantil,BAM,Monetaria en $,0,12/09/2020
Joelynn,De Gregoli,9835876975,Banco Promerica,Promerica,Ahorro,4350,3/05/2020
Nelia,Hathway,1962610551,Banco Industrial,BI,Monetaria en $,3149,5/04/2020
Carmita,Hiscoke,8640571546,Banco Agromercantil,BAM,Monetaria en Q,2277,17/03/2020
Daffy,Marages,2720935689,Banco Promerica,Promerica,Monetaria en Q,1575,23/03/2020
Alfie,Castellaccio,2344960856,Banco de desarrollo rural,BANRURAL,Monetaria en $,0,26/08/2020
Sax,Stephenson,4640351089,Banco Agromercantil,BAM,Ahorro,0,23/03/2020
Jeanie,Badman,2320648240,Banco Promerica,Promerica,Monetaria en $,0,10/08/2020
Vassili,Drowsfield,3345353652,Banco Agromercantil,BAM,Monetaria en Q,3999,18/10/2020
Horatia,Brumpton,1653130695,Banco G&T,G&T,Ahorro,4275,25/10/2020
Abigale,Crann,1187255777,Banco Industrial,BI,Ahorro,0,20/07/2020
Hali,Peebles,1909436437,Banco de desarrollo rural,BANRURAL,Ahorro,1818,12/03/2020
Maggee,Shergold,6816494733,Banco Promerica,Promerica,Ahorro,3276,14/12/2020
Horatia,Brumpton,1653130695,Banco G&T,G&T,Ahorro,4275,25/10/2020
Ike,Nickels,6290621491,Banco de desarrollo rural,BANRURAL,Monetaria en Q,423,22/09/2020
Daffy,Marages,2720935689,Banco G&T,G&T,Monetaria en Q,0,23/03/2020
Nelia,Hathway,1962610551,Banco G&T,G&T,Monetaria en Q,2131,5/04/2020
Tripp,Ingree,3888897025,Banco Agromercantil,BAM,Ahorro,1610,14/09/2020
Chrissy,Fells,1432225464,Banco Industrial,BI,Monetaria en $,0,4/06/2020
Alfie,Castellaccio,2344960856,Banco de desarrollo rural,BANRURAL,Monetaria en Q,0,26/08/2020
Tina,De Beauchemp,6668839878,Banco Industrial,BI,Ahorro,0,23/01/2020
Riva,Gaven,2897073799,Banco Promerica,Promerica,Monetaria en $,0,11/10/2020
Joelynn,De Gregoli,9835876975,Banco G&T,G&T,Monetaria en Q,3214,3/05/2020
Vassili,Drowsfield,3345353652,Banco G&T,G&T,Monetaria en $,446,18/10/2020
Arleta,Umbert,1805028979,Banco Promerica,Promerica,Monetaria en Q,305,18/04/2020
Koressa,Knowler,7737952055,Banco G&T,G&T,Monetaria en $,0,3/04/2020
Sascha,Kennedy,4464029000,Banco Promerica,Promerica,Ahorro,0,15/05/2020
Elnore,Foy,6154977174,Banco de desarrollo rural,BANRURAL,Ahorro,771,2/11/2020
Daffy,Marages,2720935689,Banco G&T,G&T,Monetaria en Q,0,23/03/2020
Inga,Cromleholme,3179095431,Banco Promerica,Promerica,Monetaria en $,0,25/11/2020
Luelle,Barenskie,8068530312,Banco G&T,G&T,Monetaria en Q,0,25/08/2020
Koressa,Knowler,7737952055,Banco de desarrollo rural,BANRURAL,Monetaria en $,4560,3/04/2020
Inga,Cromleholme,3179095431,Banco Industrial,BI,Ahorro,3387,25/11/2020
Deni,Tarn,6467582497,Banco de desarrollo rural,BANRURAL,Monetaria en $,964,3/06/2020
Riva,Gaven,2897073799,Banco Promerica,Promerica,Monetaria en $,0,11/10/2020
Sunny,Alvin,6456388384,Banco Promerica,Promerica,Monetaria en $,760,10/01/2020
Colas,Feek,440057779,Banco Agromercantil,BAM,Monetaria en $,0,31/10/2020
Antonetta,Bowler,4380702766,Banco Agromercantil,BAM,Monetaria en $,2300,29/10/2020
Daffy,Marages,2720935689,Banco Promerica,Promerica,Monetaria en Q,1575,23/03/2020
Cherry,Youtead,6393106875,Banco Promerica,Promerica,Ahorro,0,10/07/2020
Deni,Tarn,6467582497,Banco G&T,G&T,Monetaria en Q,4105,3/06/2020
Bobbette,Dutton,930849132,Banco Industrial,BI,Ahorro,0,2/01/2020
Renard,Pelchat,8373980261,Banco Promerica,Promerica,Ahorro,3011,28/06/2020
Vassili,Drowsfield,3345353652,Banco Agromercantil,BAM,Monetaria en Q,3999,18/10/2020
Caryn,Kirkham,1581008589,Banco Agromercantil,BAM,Ahorro,0,16/05/2020
Raff,Meah,3693967563,Banco Industrial,BI,Ahorro,1190,25/07/2020
Morgun,Coots,6920115220,Banco Industrial,BI,Monetaria en Q,0,23/10/2020
Koressa,Knowler,7737952055,Banco Promerica,Promerica,Ahorro,3065,3/04/2020
Phaidra,Thornthwaite,7422400781,Banco de desarrollo rural,BANRURAL,Monetaria en Q,0,15/02/2020
Ddene,Tant,2293083373,Banco de desarrollo rural,BANRURAL,Monetaria en $,0,3/03/2020
Chrissy,Fells,1432225464,Banco Industrial,BI,Monetaria en $,0,4/06/2020
Margo,Aspinall,8574878405,Banco de desarrollo rural,BANRURAL,Monetaria en $,485,13/02/2020
Manuel,Gouldstone,2293547442,Banco Industrial,BI,Monetaria en $,0,28/08/2020
Corliss,McCord,5563911438,Banco Agromercantil,BAM,Monetaria en $,0,12/09/2020
Horatia,Brumpton,1653130695,Banco G&T,G&T,Ahorro,4782,25/10/2020
Maggee,Shergold,6816494733,Banco Industrial,BI,Monetaria en Q,0,14/12/2020
Margo,Aspinall,8574878405,Banco de desarrollo rural,BANRURAL,Monetaria en $,485,13/02/2020
Tina,De Beauchemp,6668839878,Banco Agromercantil,BAM,Ahorro,3027,23/01/2020
Janith,Metheringham,6172401947,Banco Industrial,BI,Monetaria en $,0,30/01/2020
Leonid,Berrey,9488599294,Banco Promerica,Promerica,Monetaria en $,0,17/11/2020
Joelynn,De Gregoli,9835876975,Banco G&T,G&T,Monetaria en Q,3214,3/05/2020
Cherry,Youtead,6393106875,Banco de desarrollo rural,BANRURAL,Monetaria en Q,2311,10/07/2020
Morgun,Coots,6920115220,Banco G&T,G&T,Monetaria en $,0,23/10/2020
Paul,Fleming,5878519224,Banco Promerica,Promerica,Monetaria en $,0,26/09/2020
Sax,Stephenson,4640351089,Banco Agromercantil,BAM,Ahorro,0,23/03/2020
Alfie,Castellaccio,2344960856,Banco de desarrollo rural,BANRURAL,Ahorro,0,26/08/2020
Ty,Kittow,1976810418,Banco de desarrollo rural,BANRURAL,Ahorro,0,19/10/2020
Antonetta,Bowler,4380702766,Banco Agromercantil,BAM,Monetaria en $,2300,29/10/2020
Javier,Theodore,1485345081,Banco Industrial,BI,Monetaria en $,1602,12/05/2020
Collie,Leatherland,3334586502,Banco G&T,G&T,Monetaria en Q,0,20/08/2020
Luelle,Barenskie,8068530312,Banco G&T,G&T,Monetaria en Q,0,25/08/2020
Devin,Sheere,2286509069,Banco Agromercantil,BAM,Ahorro,3494,9/07/2020
Jeanie,Badman,2320648240,Banco Agromercantil,BAM,Ahorro,1563,10/08/2020
Tripp,Ingree,3888897025,Banco Agromercantil,BAM,Ahorro,1610,14/09/2020
Ddene,Tant,2293083373,Banco de desarrollo rural,BANRURAL,Monetaria en $,0,3/03/2020
Kizzie,Pettman,6981272008,Banco Promerica,Promerica,Ahorro,0,9/08/2020
Alfie,Castellaccio,2344960856,Banco Agromercantil,BAM,Monetaria en Q,690,26/08/2020
Dale,Goslin,4243293546,Banco Promerica,Promerica,Ahorro,0,23/05/2020
Renard,Pelchat,8373980261,Banco Promerica,Promerica,Ahorro,3011,28/06/2020
Devin,Sheere,2286509069,Banco G&T,G&T,Monetaria en Q,3001,9/07/2020
Deni,Tarn,6467582497,Banco Promerica,Promerica,Monetaria en $,0,3/06/2020
Morly,Pundy,1833280679,Banco Promerica,Promerica,Monetaria en Q,1254,26/05/2020
Colas,Feek,440057779,Banco Industrial,BI,Monetaria en $,0,31/10/2020
Kit,Tottman,445543914,Banco G&T,G&T,Monetaria en $,0,15/01/2020
Caryn,Kirkham,1581008589,Banco Agromercantil,BAM,Ahorro,0,16/05/2020
Kizzie,Pettman,6981272008,Banco Industrial,BI,Ahorro,0,9/08/2020
Raff,Meah,3693967563,Banco G&T,G&T,Monetaria en $,1225,25/07/2020
Sunny,Alvin,6456388384,Banco Agromercantil,BAM,Monetaria en $,0,10/01/2020
Arleta,Umbert,1805028979,Banco G&T,G&T,Monetaria en Q,0,18/04/2020
Janith,Metheringham,6172401947,Banco Industrial,BI,Monetaria en $,0,30/01/2020
Vassili,Drowsfield,3345353652,Banco G&T,G&T,Monetaria en $,446,18/10/2020
Javier,Theodore,1485345081,Banco Industrial,BI,Monetaria en $,1602,12/05/2020
Vassili,Drowsfield,3345353652,Banco Agromercantil,BAM,Monetaria en Q,3999,18/10/2020
Jolie,Tollfree,4105124471,Banco G&T,G&T,Monetaria en $,0,4/10/2020
Maressa,Delgadillo,3899636643,Banco Industrial,BI,Ahorro,0,5/04/2020
Esme,Seifenmacher,7341877243,Banco Industrial,BI,Monetaria en $,0,26/08/2020
Willie,Brahan,3601075148,Banco G&T,G&T,Monetaria en $,3085,13/01/2020
Raff,Meah,3693967563,Banco G&T,G&T,Monetaria en $,1225,25/07/2020
Kizzie,Pettman,6981272008,Banco Industrial,BI,Ahorro,0,9/08/2020
Cherry,Youtead,6393106875,Banco de desarrollo rural,BANRURAL,Monetaria en Q,2311,10/07/2020
Corliss,McCord,5563911438,Banco Agromercantil,BAM,Monetaria en $,0,12/09/2020
Maressa,Delgadillo,3899636643,Banco Industrial,BI,Ahorro,0,5/04/2020
Sascha,Kennedy,4464029000,Banco G&T,G&T,Monetaria en $,0,15/05/2020
Deni,Tarn,6467582497,Banco Agromercantil,BAM,Monetaria en Q,0,3/06/2020
Esme,Seifenmacher,7341877243,Banco Industrial,BI,Monetaria en $,0,26/08/2020
Horatia,Brumpton,1653130695,Banco G&T,G&T,Ahorro,4275,25/10/2020
Sascha,Kennedy,4464029000,Banco Promerica,Promerica,Ahorro,0,15/05/2020
Bobbette,Dutton,930849132,Banco Promerica,Promerica,Ahorro,761,2/01/2020
Colas,Feek,440057779,Banco Agromercantil,BAM,Monetaria en $,0,31/10/2020
Nelia,Hathway,1962610551,Banco G&T,G&T,Monetaria en Q,2131,5/04/2020
Sunny,Alvin,6456388384,Banco Agromercantil,BAM,Monetaria en $,0,10/01/2020
Cherise,Pluvier,9622621546,Banco Industrial,BI,Ahorro,3285,14/12/2020
Ardys,Cave,3418211453,Banco Promerica,Promerica,Ahorro,0,24/11/2020
Elnore,Foy,6154977174,Banco de desarrollo rural,BANRURAL,Ahorro,771,2/11/2020
Hali,Peebles,1909436437,Banco Promerica,Promerica,Ahorro,3556,12/03/2020
Inga,Cromleholme,3179095431,Banco Agromercantil,BAM,Ahorro,4234,25/11/2020
Deni,Tarn,6467582497,Banco de desarrollo rural,BANRURAL,Monetaria en $,3991,3/06/2020
Bobbette,Dutton,930849132,Banco Industrial,BI,Ahorro,0,2/01/2020
Deni,Tarn,6467582497,Banco de desarrollo rural,BANRURAL,Monetaria en $,3991,3/06/2020
Cherry,Youtead,6393106875,Banco de desarrollo rural,BANRURAL,Monetaria en Q,2311,10/07/2020
Ddene,Tant,2293083373,Banco Industrial,BI,Ahorro,0,3/03/2020
Maggee,Shergold,6816494733,Banco Promerica,Promerica,Ahorro,3276,14/12/2020
Alfie,Castellaccio,2344960856,Banco Agromercantil,BAM,Monetaria en Q,0,26/08/2020
Ty,Kittow,1976810418,Banco G&T,G&T,Monetaria en $,0,19/10/2020
Neill,Esser,7964176803,Banco Industrial,BI,Monetaria en Q,1322,7/01/2020
Deni,Tarn,6467582497,Banco de desarrollo rural,BANRURAL,Monetaria en $,3991,3/06/2020
Hali,Peebles,1909436437,Banco Promerica,Promerica,Monetaria en $,0,12/03/2020
Inga,Cromleholme,3179095431,Banco Industrial,BI,Ahorro,3387,25/11/2020
Tina,De Beauchemp,6668839878,Banco Promerica,Promerica,Monetaria en $,0,23/01/2020
Bobbette,Dutton,930849132,Banco Industrial,BI,Ahorro,0,2/01/2020
Morgun,Coots,6920115220,Banco G&T,G&T,Monetaria en $,0,23/10/2020
Colas,Feek,440057779,Banco G&T,G&T,Monetaria en $,2906,31/10/2020
Alfie,Castellaccio,2344960856,Banco de desarrollo rural,BANRURAL,Ahorro,0,26/08/2020
Arlin,Bruckner,7819264039,Banco Promerica,Promerica,Monetaria en Q,784,3/04/2020
Ardys,Cave,3418211453,Banco Promerica,Promerica,Ahorro,0,24/11/2020
Raff,Meah,3693967563,Banco Industrial,BI,Ahorro,1190,25/07/2020
Maggee,Shergold,6816494733,Banco Promerica,Promerica,Monetaria en Q,2872,14/12/2020
Maggee,Shergold,6816494733,Banco Promerica,Promerica,Ahorro,3276,14/12/2020
Stormy,Mathieu,1952883946,Banco Agromercantil,BAM,Ahorro,3270,27/08/2020
Boote,Pina,208181717,Banco G&T,G&T,Monetaria en $,1505,25/08/2020
Corliss,McCord,5563911438,Banco Promerica,Promerica,Monetaria en $,0,12/09/2020
Tina,De Beauchemp,6668839878,Banco Industrial,BI,Ahorro,0,23/01/2020
Tina,De Beauchemp,6668839878,Banco Industrial,BI,Ahorro,0,23/01/2020
Maressa,Delgadillo,3899636643,Banco Industrial,BI,Ahorro,0,5/04/2020
Riva,Gaven,2897073799,Banco Promerica,Promerica,Monetaria en $,0,11/10/2020
Arlin,Bruckner,7819264039,Banco Promerica,Promerica,Ahorro,3228,3/04/2020
Devin,Sheere,2286509069,Banco G&T,G&T,Monetaria en Q,3001,9/07/2020
Riva,Gaven,2897073799,Banco G&T,G&T,Monetaria en Q,2316,11/10/2020
Hieronymus,Penn,3070506224,Banco de desarrollo rural,BANRURAL,Monetaria en $,1264,25/02/2020
Luelle,Barenskie,8068530312,Banco G&T,G&T,Monetaria en Q,0,25/08/2020
Inga,Cromleholme,3179095431,Banco Promerica,Promerica,Ahorro,2864,25/11/2020
Tina,De Beauchemp,6668839878,Banco Agromercantil,BAM,Ahorro,3027,23/01/2020
Nelia,Hathway,1962610551,Banco Industrial,BI,Monetaria en $,3149,5/04/2020
Henriette,Stag,5203620156,Banco de desarrollo rural,BANRURAL,Monetaria en $,567,2/05/2020
Raff,Meah,3693967563,Banco G&T,G&T,Monetaria en $,1225,25/07/2020
Inga,Cromleholme,3179095431,Banco Promerica,Promerica,Ahorro,2864,25/11/2020
Koressa,Knowler,7737952055,Banco de desarrollo rural,BANRURAL,Monetaria en $,4560,3/04/2020
Neill,Esser,7964176803,Banco Industrial,BI,Monetaria en $,1053,7/01/2020
Konstanze,Blood,7873382966,Banco Industrial,BI,Ahorro,0,24/11/2020
Nelia,Hathway,1962610551,Banco Industrial,BI,Monetaria en Q,0,5/04/2020
Inga,Cromleholme,3179095431,Banco Promerica,Promerica,Monetaria en $,0,25/11/2020
Dale,Goslin,4243293546,Banco G&T,G&T,Ahorro,0,23/05/2020
Cherise,Pluvier,9622621546,Banco Industrial,BI,Ahorro,3285,14/12/2020
Leann,Buncher,7589827045,Banco Industrial,BI,Monetaria en $,973,10/01/2020
Alfie,Castellaccio,2344960856,Banco G&T,G&T,Monetaria en $,0,26/08/2020
Jarid,McEniry,7858016997,Banco de desarrollo rural,BANRURAL,Ahorro,4005,23/03/2020
Arlin,Bruckner,7819264039,Banco de desarrollo rural,BANRURAL,Monetaria en $,1663,3/04/2020
Elnore,Foy,6154977174,Banco de desarrollo rural,BANRURAL,Ahorro,771,2/11/2020
Antonetta,Bowler,4380702766,Banco Agromercantil,BAM,Monetaria en $,2300,29/10/2020
Margo,Aspinall,8574878405,Banco Industrial,BI,Monetaria en $,0,13/02/2020
Gracia,Burchill,5981356200,Banco Promerica,Promerica,Monetaria en $,2291,2/07/2020
Konstanze,Blood,7873382966,Banco Promerica,Promerica,Monetaria en Q,0,24/11/2020
Vassili,Drowsfield,3345353652,Banco Agromercantil,BAM,Monetaria en Q,3999,18/10/2020
Arleta,Umbert,1805028979,Banco G&T,G&T,Monetaria en Q,0,18/04/2020
Dale,Goslin,4243293546,Banco G&T,G&T,Ahorro,0,23/05/2020
Morgun,Coots,6920115220,Banco G&T,G&T,Monetaria en $,0,23/10/2020
Sax,Stephenson,4640351089,Banco Agromercantil,BAM,Ahorro,0,23/03/2020
Bobbette,Dutton,930849132,Banco Industrial,BI,Ahorro,0,2/01/2020
Devin,Sheere,2286509069,Banco G&T,G&T,Monetaria en Q,3001,9/07/2020
Alexander,Amor,7361225500,Banco Promerica,Promerica,Ahorro,0,27/10/2020
Nelia,Hathway,1962610551,Banco Promerica,Promerica,Monetaria en $,0,5/04/2020
Lauralee,Britnell,8712012858,Banco Industrial,BI,Monetaria en Q,0,10/12/2020
Hali,Peebles,1909436437,Banco Industrial,BI,Monetaria en Q,3639,12/03/2020
Phaidra,Thornthwaite,7422400781,Banco Agromercantil,BAM,Monetaria en Q,0,15/02/2020
Leonid,Berrey,9488599294,Banco Promerica,Promerica,Monetaria en $,0,17/11/2020
Joelynn,De Gregoli,9835876975,Banco Promerica,Promerica,Ahorro,4350,3/05/2020
Deni,Tarn,6467582497,Banco G&T,G&T,Monetaria en $,4968,3/06/2020
Inga,Cromleholme,3179095431,Banco Promerica,Promerica,Monetaria en $,0,25/11/2020
Riva,Gaven,2897073799,Banco Promerica,Promerica,Monetaria en Q,3771,11/10/2020
Maressa,Delgadillo,3899636643,Banco Industrial,BI,Ahorro,0,5/04/2020
Vassili,Drowsfield,3345353652,Banco Agromercantil,BAM,Monetaria en Q,3999,18/10/2020
Konstanze,Blood,7873382966,Banco Agromercantil,BAM,Monetaria en $,0,24/11/2020
Jolie,Tollfree,4105124471,Banco G&T,G&T,Monetaria en $,0,4/10/2020
Deni,Tarn,6467582497,Banco G&T,G&T,Monetaria en $,4968,3/06/2020
Vassili,Drowsfield,3345353652,Banco Agromercantil,BAM,Monetaria en Q,3999,18/10/2020
Colas,Feek,440057779,Banco Agromercantil,BAM,Monetaria en $,0,31/10/2020
Cherry,Youtead,6393106875,Banco de desarrollo rural,BANRURAL,Monetaria en Q,2311,10/07/2020
Cully,Matyugin,7652775906,Banco de desarrollo rural,BANRURAL,Monetaria en Q,0,10/03/2020
Carmita,Hiscoke,8640571546,Banco Agromercantil,BAM,Monetaria en Q,2277,17/03/2020
Tripp,Ingree,3888897025,Banco Agromercantil,BAM,Ahorro,1610,14/09/2020
Arleta,Umbert,1805028979,Banco Industrial,BI,Monetaria en $,0,18/04/2020
Hali,Peebles,1909436437,Banco Promerica,Promerica,Ahorro,3556,12/03/2020
Javier,Theodore,1485345081,Banco Industrial,BI,Monetaria en $,1602,12/05/2020
Morgun,Coots,6920115220,Banco Promerica,Promerica,Monetaria en $,0,23/10/2020
Vassili,Drowsfield,3345353652,Banco Agromercantil,BAM,Monetaria en Q,3999,18/10/2020
Ike,Nickels,6290621491,Banco de desarrollo rural,BANRURAL,Monetaria en Q,423,22/09/2020
Tina,De Beauchemp,6668839878,Banco Agromercantil,BAM,Ahorro,315,23/01/2020
Hieronymus,Penn,3070506224,Banco de desarrollo rural,BANRURAL,Monetaria en $,1264,25/02/2020
Reinwald,Raphael,3808552263,Banco Industrial,BI,Monetaria en Q,0,8/09/2020
Alfie,Castellaccio,2344960856,Banco de desarrollo rural,BANRURAL,Monetaria en Q,0,26/08/2020
Janith,Metheringham,6172401947,Banco Industrial,BI,Monetaria en $,0,30/01/2020
Deni,Tarn,6467582497,Banco Promerica,Promerica,Monetaria en $,0,3/06/2020
Raff,Meah,3693967563,Banco Industrial,BI,Ahorro,1190,25/07/2020
Arlin,Bruckner,7819264039,Banco Promerica,Promerica,Ahorro,3228,3/04/2020
Horatia,Brumpton,1653130695,Banco G&T,G&T,Ahorro,0,25/10/2020
Leann,Buncher,7589827045,Banco Industrial,BI,Monetaria en $,973,10/01/2020
Jeanne,Ciottoi,3199681735,Banco Industrial,BI,Monetaria en Q,4642,1/03/2020
Vonny,Westall,2354138652,Banco G&T,G&T,Ahorro,0,19/01/2020
Morgun,Coots,6920115220,Banco Promerica,Promerica,Monetaria en $,0,23/10/2020
Colas,Feek,440057779,Banco G&T,G&T,Monetaria en $,2906,31/10/2020
Abigale,Crann,1187255777,Banco Industrial,BI,Ahorro,0,20/07/2020
Collie,Leatherland,3334586502,Banco Industrial,BI,Monetaria en Q,0,20/08/2020
Elnore,Foy,6154977174,Banco de desarrollo rural,BANRURAL,Ahorro,771,2/11/2020
Margo,Aspinall,8574878405,Banco de desarrollo rural,BANRURAL,Monetaria en $,485,13/02/2020
Dale,Goslin,4243293546,Banco G&T,G&T,Ahorro,0,23/05/2020
Chrissy,Fells,1432225464,Banco G&T,G&T,Ahorro,0,4/06/2020
Alfie,Castellaccio,2344960856,Banco de desarrollo rural,BANRURAL,Monetaria en Q,0,26/08/2020
Raff,Meah,3693967563,Banco G&T,G&T,Monetaria en $,1225,25/07/2020
Devin,Sheere,2286509069,Banco Agromercantil,BAM,Ahorro,3494,9/07/2020
Koressa,Knowler,7737952055,Banco Promerica,Promerica,Ahorro,3065,3/04/2020
Arron,Dalziel,4113842388,Banco de desarrollo rural,BANRURAL,Monetaria en $,391,30/03/2020
Ulla,Balloch,3278286464,Banco Promerica,Promerica,Monetaria en Q,0,12/06/2020
Hali,Peebles,1909436437,Banco Promerica,Promerica,Monetaria en $,0,12/03/2020
Henriette,Stag,5203620156,Banco de desarrollo rural,BANRURAL,Monetaria en $,567,2/05/2020
Abigale,Crann,1187255777,Banco Agromercantil,BAM,Monetaria en $,0,20/07/2020
Maressa,Delgadillo,3899636643,Banco Industrial,BI,Ahorro,0,5/04/2020
Manuel,Gouldstone,2293547442,Banco G&T,G&T,Ahorro,0,28/08/2020
Hali,Peebles,1909436437,Banco Industrial,BI,Ahorro,243,12/03/2020
Konstanze,Blood,7873382966,Banco Agromercantil,BAM,Monetaria en $,0,24/11/2020
Colas,Feek,440057779,Banco Industrial,BI,Monetaria en $,0,31/10/2020
Esme,Seifenmacher,7341877243,Banco Industrial,BI,Monetaria en $,0,26/08/2020
Arlin,Bruckner,7819264039,Banco de desarrollo rural,BANRURAL,Monetaria en $,1663,3/04/2020
Kizzie,Pettman,6981272008,Banco Industrial,BI,Ahorro,0,9/08/2020
Koressa,Knowler,7737952055,Banco Industrial,BI,Monetaria en $,4003,3/04/2020
Maressa,Delgadillo,3899636643,Banco Industrial,BI,Ahorro,0,5/04/2020
Collie,Leatherland,3334586502,Banco Promerica,Promerica,Ahorro,0,20/08/2020
Jeanie,Badman,2320648240,Banco Agromercantil,BAM,Ahorro,1563,10/08/2020
Margo,Aspinall,8574878405,Banco Agromercantil,BAM,Ahorro,0,13/02/2020
Ty,Kittow,1976810418,Banco G&T,G&T,Monetaria en $,0,19/10/2020
Horatia,Brumpton,1653130695,Banco Agromercantil,BAM,Monetaria en $,0,25/10/2020
Raff,Meah,3693967563,Banco Industrial,BI,Ahorro,1190,25/07/2020
Horatia,Brumpton,1653130695,Banco G&T,G&T,Ahorro,1612,25/10/2020
Sunny,Alvin,6456388384,Banco Promerica,Promerica,Monetaria en $,760,10/01/2020
Joelynn,De Gregoli,9835876975,Banco G&T,G&T,Monetaria en Q,3214,3/05/2020
Carmita,Hiscoke,8640571546,Banco Agromercantil,BAM,Monetaria en Q,2277,17/03/2020
Arleta,Umbert,1805028979,Banco G&T,G&T,Monetaria en Q,1863,18/04/2020
Tina,De Beauchemp,6668839878,Banco Agromercantil,BAM,Ahorro,3027,23/01/2020
Daffy,Marages,2720935689,Banco Promerica,Promerica,Monetaria en Q,1575,23/03/2020
Willie,Brahan,3601075148,Banco G&T,G&T,Monetaria en $,3085,13/01/2020
Collie,Leatherland,3334586502,Banco Promerica,Promerica,Ahorro,0,20/08/2020
Jolie,Tollfree,4105124471,Banco G&T,G&T,Monetaria en $,0,4/10/2020
Zack,Stainton - Skinn,5413394497,Banco Promerica,Promerica,Monetaria en Q,0,17/03/2020
Boote,Pina,208181717,Banco Industrial,BI,Monetaria en Q,900,25/08/2020
Antonetta,Bowler,4380702766,Banco de desarrollo rural,BANRURAL,Ahorro,217,29/10/2020
Abigale,Crann,1187255777,Banco Industrial,BI,Ahorro,0,20/07/2020
Giordano,Rimington,270162925,Banco de desarrollo rural,BANRURAL,Ahorro,547,25/08/2020
Gearard,Laye,9158606432,Banco de desarrollo rural,BANRURAL,Monetaria en $,2879,18/06/2020
Stormy,Mathieu,1952883946,Banco G&T,G&T,Monetaria en $,0,27/08/2020
Cully,Matyugin,7652775906,Banco de desarrollo rural,BANRURAL,Monetaria en Q,0,10/03/2020
Ardys,Cave,3418211453,Banco Promerica,Promerica,Ahorro,0,24/11/2020
Neill,Esser,7964176803,Banco Industrial,BI,Monetaria en Q,1322,7/01/2020
Maggee,Shergold,6816494733,Banco Promerica,Promerica,Monetaria en Q,2872,14/12/2020
Collie,Leatherland,3334586502,Banco Industrial,BI,Monetaria en Q,0,20/08/2020
Chrissy,Fells,1432225464,Banco Industrial,BI,Monetaria en $,0,4/06/2020
Stormy,Mathieu,1952883946,Banco Agromercantil,BAM,Ahorro,3270,27/08/2020
Arlin,Bruckner,7819264039,Banco de desarrollo rural,BANRURAL,Monetaria en $,1663,3/04/2020
Collie,Leatherland,3334586502,Banco G&T,G&T,Monetaria en Q,0,20/08/2020
Arleta,Umbert,1805028979,Banco G&T,G&T,Monetaria en Q,1863,18/04/2020
Bobbette,Dutton,930849132,Banco G&T,G&T,Monetaria en $,0,2/01/2020
Collie,Leatherland,3334586502,Banco Industrial,BI,Monetaria en Q,0,20/08/2020
Phaidra,Thornthwaite,7422400781,Banco de desarrollo rural,BANRURAL,Monetaria en Q,0,15/02/2020
Sax,Stephenson,4640351089,Banco Agromercantil,BAM,Ahorro,0,23/03/2020
Horatia,Brumpton,1653130695,Banco G&T,G&T,Ahorro,1612,25/10/2020
Konstanze,Blood,7873382966,Banco Agromercantil,BAM,Monetaria en $,0,24/11/2020
Timmi,Hovie,5618537931,Banco G&T,G&T,Ahorro,784,31/03/2020
Deni,Tarn,6467582497,Banco Promerica,Promerica,Monetaria en $,0,3/06/2020
Phaidra,Thornthwaite,7422400781,Banco de desarrollo rural,BANRURAL,Monetaria en Q,0,15/02/2020
Alfie,Castellaccio,2344960856,Banco Agromercantil,BAM,Monetaria en Q,690,26/08/2020
Alfie,Castellaccio,2344960856,Banco Agromercantil,BAM,Monetaria en Q,0,26/08/2020
Kit,Tottman,445543914,Banco G&T,G&T,Monetaria en $,0,15/01/2020
Maggee,Shergold,6816494733,Banco Promerica,Promerica,Ahorro,3276,14/12/2020
Willie,Brahan,3601075148,Banco Promerica,Promerica,Monetaria en $,2527,13/01/2020
Jeanne,Ciottoi,3199681735,Banco Industrial,BI,Monetaria en Q,4642,1/03/2020
Ty,Kittow,1976810418,Banco de desarrollo rural,BANRURAL,Ahorro,0,19/10/2020
Chrissy,Fells,1432225464,Banco G&T,G&T,Ahorro,0,4/06/2020
Colas,Feek,440057779,Banco Agromercantil,BAM,Monetaria en $,0,31/10/2020
Hali,Peebles,1909436437,Banco de desarrollo rural,BANRURAL,Ahorro,0,12/03/2020
Leann,Buncher,7589827045,Banco Industrial,BI,Monetaria en $,973,10/01/2020
Koressa,Knowler,7737952055,Banco G&T,G&T,Monetaria en $,0,3/04/2020
Nelia,Hathway,1962610551,Banco Industrial,BI,Monetaria en $,3149,5/04/2020
Chrissy,Fells,1432225464,Banco Industrial,BI,Monetaria en $,0,4/06/2020
Henriette,Stag,5203620156,Banco de desarrollo rural,BANRURAL,Monetaria en $,0,2/05/2020
Collie,Leatherland,3334586502,Banco G&T,G&T,Monetaria en Q,0,20/08/2020
Hieronymus,Penn,3070506224,Banco de desarrollo rural,BANRURAL,Monetaria en $,1264,25/02/2020
Alfie,Castellaccio,2344960856,Banco Agromercantil,BAM,Monetaria en Q,690,26/08/2020
Henriette,Stag,5203620156,Banco de desarrollo rural,BANRURAL,Monetaria en $,0,2/05/2020
Horatia,Brumpton,1653130695,Banco G&T,G&T,Ahorro,4782,25/10/2020
Inga,Cromleholme,3179095431,Banco Agromercantil,BAM,Ahorro,4234,25/11/2020
Esme,Seifenmacher,7341877243,Banco Promerica,Promerica,Monetaria en Q,1522,26/08/2020
Willie,Brahan,3601075148,Banco Promerica,Promerica,Monetaria en $,2527,13/01/2020
Puff,Huerta,4474118367,Banco de desarrollo rural,BANRURAL,Monetaria en Q,0,12/03/2020
Arleta,Umbert,1805028979,Banco Industrial,BI,Monetaria en $,0,18/04/2020
Tina,De Beauchemp,6668839878,Banco Industrial,BI,Ahorro,0,23/01/2020
Giordano,Rimington,270162925,Banco Industrial,BI,Ahorro,1250,25/08/2020
Morgun,Coots,6920115220,Banco Promerica,Promerica,Monetaria en $,0,23/10/2020
Hali,Peebles,1909436437,Banco de desarrollo rural,BANRURAL,Ahorro,0,12/03/2020
Phaidra,Thornthwaite,7422400781,Banco de desarrollo rural,BANRURAL,Monetaria en Q,0,15/02/2020
Giordano,Rimington,270162925,Banco G&T,G&T,Monetaria en $,0,25/08/2020
Esme,Seifenmacher,7341877243,Banco Industrial,BI,Ahorro,624,26/08/2020
Hali,Peebles,1909436437,Banco de desarrollo rural,BANRURAL,Ahorro,0,12/03/2020
Daffy,Marages,2720935689,Banco Promerica,Promerica,Monetaria en Q,1575,23/03/2020
Collie,Leatherland,3334586502,Banco Industrial,BI,Monetaria en Q,0,20/08/2020
Bobbette,Dutton,930849132,Banco G&T,G&T,Monetaria en $,0,2/01/2020
Ulla,Balloch,3278286464,Banco Promerica,Promerica,Monetaria en Q,0,12/06/2020
Reinwald,Raphael,3808552263,Banco Industrial,BI,Monetaria en Q,0,8/09/2020
Dahlia,Greiser,6310900986,Banco Industrial,BI,Monetaria en $,1258,17/09/2020
Horatia,Brumpton,1653130695,Banco G&T,G&T,Ahorro,4782,25/10/2020
Alfie,Castellaccio,2344960856,Banco de desarrollo rural,BANRURAL,Monetaria en Q,0,26/08/2020
Bobbette,Dutton,930849132,Banco Promerica,Promerica,Ahorro,761,2/01/2020
Willie,Brahan,3601075148,Banco Promerica,Promerica,Monetaria en $,2527,13/01/2020
Phaidra,Thornthwaite,7422400781,Banco de desarrollo rural,BANRURAL,Monetaria en Q,0,15/02/2020
Chrissy,Fells,1432225464,Banco Industrial,BI,Monetaria en $,0,4/06/2020
Nelia,Hathway,1962610551,Banco Industrial,BI,Monetaria en $,3149,5/04/2020
Bobbette,Dutton,930849132,Banco G&T,G&T,Monetaria en $,0,2/01/2020
Hali,Peebles,1909436437,Banco Industrial,BI,Monetaria en Q,3639,12/03/2020
Cully,Matyugin,7652775906,Banco Promerica,Promerica,Monetaria en Q,0,10/03/2020
Koressa,Knowler,7737952055,Banco G&T,G&T,Monetaria en $,0,3/04/2020
Kizzie,Pettman,6981272008,Banco Promerica,Promerica,Ahorro,1774,9/08/2020
Esme,Seifenmacher,7341877243,Banco Industrial,BI,Monetaria en $,0,26/08/2020
Elnore,Foy,6154977174,Banco Agromercantil,BAM,Ahorro,2257,2/11/2020
Luelle,Barenskie,8068530312,Banco G&T,G&T,Monetaria en Q,0,25/08/2020
Abigale,Crann,1187255777,Banco Industrial,BI,Ahorro,0,20/07/2020
Arleta,Umbert,1805028979,Banco Industrial,BI,Monetaria en $,0,18/04/2020
Alfie,Castellaccio,2344960856,Banco G&T,G&T,Monetaria en $,0,26/08/2020
Vassili,Drowsfield,3345353652,Banco Promerica,Promerica,Ahorro,1680,18/10/2020
Reinwald,Raphael,3808552263,Banco Industrial,BI,Monetaria en Q,0,8/09/2020
Hali,Peebles,1909436437,Banco Promerica,Promerica,Ahorro,3556,12/03/2020
Ulla,Balloch,3278286464,Banco Promerica,Promerica,Monetaria en Q,0,12/06/2020
Konstanze,Blood,7873382966,Banco Agromercantil,BAM,Monetaria en $,0,24/11/2020
Esme,Seifenmacher,7341877243,Banco Industrial,BI,Ahorro,624,26/08/2020
Deni,Tarn,6467582497,Banco G&T,G&T,Monetaria en Q,4105,3/06/2020
Raff,Meah,3693967563,Banco G&T,G&T,Monetaria en $,1225,25/07/2020
Nelia,Hathway,1962610551,Banco Promerica,Promerica,Monetaria en $,0,5/04/2020
Dahlia,Greiser,6310900986,Banco Industrial,BI,Monetaria en $,1258,17/09/2020
Alexander,Amor,7361225500,Banco Promerica,Promerica,Ahorro,0,27/10/2020
Morgun,Coots,6920115220,Banco G&T,G&T,Monetaria en $,0,23/10/2020
Bobbette,Dutton,930849132,Banco Promerica,Promerica,Ahorro,761,2/01/2020
Manuel,Gouldstone,2293547442,Banco Industrial,BI,Monetaria en $,0,28/08/2020
Inga,Cromleholme,3179095431,Banco Promerica,Promerica,Monetaria en $,0,25/11/2020
Manuel,Gouldstone,2293547442,Banco Industrial,BI,Monetaria en $,0,28/08/2020
Thoma,Kempster,7725887806,Banco Promerica,Promerica,Monetaria en $,3305,28/02/2020
Hali,Peebles,1909436437,Banco Industrial,BI,Ahorro,243,12/03/2020
Jarid,McEniry,7858016997,Banco de desarrollo rural,BANRURAL,Ahorro,4005,23/03/2020
Devin,Sheere,2286509069,Banco Agromercantil,BAM,Ahorro,3494,9/07/2020
Joelynn,De Gregoli,9835876975,Banco Promerica,Promerica,Ahorro,4350,3/05/2020
Collie,Leatherland,3334586502,Banco Industrial,BI,Monetaria en Q,0,20/08/2020
Kit,Tottman,445543914,Banco G&T,G&T,Monetaria en $,0,15/01/2020
Horatia,Brumpton,1653130695,Banco G&T,G&T,Ahorro,1612,25/10/2020
Devin,Sheere,2286509069,Banco Industrial,BI,Monetaria en Q,1858,9/07/2020
Henriette,Stag,5203620156,Banco de desarrollo rural,BANRURAL,Monetaria en $,567,2/05/2020
Arlin,Bruckner,7819264039,Banco de desarrollo rural,BANRURAL,Monetaria en $,1663,3/04/2020
Koressa,Knowler,7737952055,Banco Industrial,BI,Monetaria en $,4003,3/04/2020
Nelia,Hathway,1962610551,Banco Industrial,BI,Monetaria en Q,0,5/04/2020
Willie,Brahan,3601075148,Banco Promerica,Promerica,Monetaria en $,2527,13/01/2020
Arleta,Umbert,1805028979,Banco Industrial,BI,Monetaria en $,0,18/04/2020
Jeanne,Ciottoi,3199681735,Banco Industrial,BI,Monetaria en Q,4642,1/03/2020
Arron,Dalziel,4113842388,Banco de desarrollo rural,BANRURAL,Monetaria en $,391,30/03/2020
Gearard,Laye,9158606432,Banco de desarrollo rural,BANRURAL,Monetaria en $,2879,18/06/2020
Joelynn,De Gregoli,9835876975,Banco Promerica,Promerica,Ahorro,4350,3/05/2020
Willie,Brahan,3601075148,Banco G&T,G&T,Monetaria en $,3085,13/01/2020
Deni,Tarn,6467582497,Banco de desarrollo rural,BANRURAL,Monetaria en $,964,3/06/2020
Horatia,Brumpton,1653130695,Banco G&T,G&T,Monetaria en Q,4437,25/10/2020
Gracia,Burchill,5981356200,Banco de desarrollo rural,BANRURAL,Monetaria en $,0,2/07/2020
Giordano,Rimington,270162925,Banco de desarrollo rural,BANRURAL,Ahorro,547,25/08/2020
Nelia,Hathway,1962610551,Banco G&T,G&T,Monetaria en Q,2131,5/04/2020
Koressa,Knowler,7737952055,Banco Promerica,Promerica,Ahorro,3065,3/04/2020
Phaidra,Thornthwaite,7422400781,Banco de desarrollo rural,BANRURAL,Monetaria en Q,0,15/02/2020
Alfie,Castellaccio,2344960856,Banco G&T,G&T,Monetaria en $,0,26/08/2020
Maggee,Shergold,6816494733,Banco Industrial,BI,Monetaria en Q,0,14/12/2020
Joelynn,De Gregoli,9835876975,Banco Industrial,BI,Monetaria en Q,1191,3/05/2020
Nelia,Hathway,1962610551,Banco Industrial,BI,Monetaria en $,3848,5/04/2020
Hali,Peebles,1909436437,Banco de desarrollo rural,BANRURAL,Ahorro,1818,12/03/2020
Boote,Pina,208181717,Banco Industrial,BI,Monetaria en Q,900,25/08/2020
Timmi,Hovie,5618537931,Banco Agromercantil,BAM,Ahorro,0,31/03/2020
Maggee,Shergold,6816494733,Banco Industrial,BI,Monetaria en Q,0,14/12/2020
Gracia,Burchill,5981356200,Banco de desarrollo rural,BANRURAL,Monetaria en $,0,2/07/2020
Alfie,Castellaccio,2344960856,Banco de desarrollo rural,BANRURAL,Monetaria en Q,0,26/08/2020
Abigale,Crann,1187255777,Banco Industrial,BI,Ahorro,0,20/07/2020
Jeanie,Badman,2320648240,Banco Agromercantil,BAM,Ahorro,1563,10/08/2020
Sascha,Kennedy,4464029000,Banco G&T,G&T,Monetaria en $,0,15/05/2020
Cully,Matyugin,7652775906,Banco Promerica,Promerica,Monetaria en Q,0,10/03/2020
Maggee,Shergold,6816494733,Banco Promerica,Promerica,Ahorro,3276,14/12/2020
Lauralee,Britnell,8712012858,Banco Industrial,BI,Monetaria en Q,0,10/12/2020
Chrissy,Fells,1432225464,Banco Industrial,BI,Monetaria en $,0,4/06/2020
Maressa,Delgadillo,3899636643,Banco Industrial,BI,Ahorro,0,5/04/2020
Jolie,Tollfree,4105124471,Banco G&T,G&T,Monetaria en $,0,4/10/2020
Bobbette,Dutton,930849132,Banco Industrial,BI,Ahorro,0,2/01/2020
Janith,Metheringham,6172401947,Banco Industrial,BI,Monetaria en $,0,30/01/2020
Koressa,Knowler,7737952055,Banco Promerica,Promerica,Ahorro,3065,3/04/2020
Devin,Sheere,2286509069,Banco Agromercantil,BAM,Ahorro,3494,9/07/2020
Janith,Metheringham,6172401947,Banco Industrial,BI,Monetaria en $,0,30/01/2020
Tripp,Ingree,3888897025,Banco Agromercantil,BAM,Ahorro,0,14/09/2020
Javier,Theodore,1485345081,Banco Industrial,BI,Monetaria en $,1602,12/05/2020
Neill,Esser,7964176803,Banco Industrial,BI,Monetaria en Q,1322,7/01/2020
Tripp,Ingree,3888897025,Banco Agromercantil,BAM,Ahorro,1610,14/09/2020
Daffy,Marages,2720935689,Banco Promerica,Promerica,Monetaria en Q,1575,23/03/2020
Reinwald,Raphael,3808552263,Banco Industrial,BI,Monetaria en Q,0,8/09/2020
Stormy,Mathieu,1952883946,Banco G&T,G&T,Monetaria en $,0,27/08/2020
Jeanie,Badman,2320648240,Banco G&T,G&T,Monetaria en Q,0,10/08/2020
Puff,Huerta,4474118367,Banco G&T,G&T,Monetaria en Q,0,12/03/2020
Daffy,Marages,2720935689,Banco G&T,G&T,Monetaria en Q,0,23/03/2020
Elnore,Foy,6154977174,Banco Agromercantil,BAM,Ahorro,2257,2/11/2020
Bobbette,Dutton,930849132,Banco Promerica,Promerica,Ahorro,761,2/01/2020
Hali,Peebles,1909436437,Banco Promerica,Promerica,Monetaria en $,0,12/03/2020
Luelle,Barenskie,8068530312,Banco G&T,G&T,Monetaria en Q,0,25/08/2020
Ulla,Balloch,3278286464,Banco Promerica,Promerica,Monetaria en Q,0,12/06/2020
Lauralee,Britnell,8712012858,Banco Industrial,BI,Monetaria en Q,0,10/12/2020
Janith,Metheringham,6172401947,Banco Industrial,BI,Monetaria en $,0,30/01/2020
Neill,Esser,7964176803,Banco Industrial,BI,Monetaria en Q,1322,7/01/2020
Ddene,Tant,2293083373,Banco de desarrollo rural,BANRURAL,Monetaria en $,0,3/03/2020
Cherry,Youtead,6393106875,Banco G&T,G&T,Monetaria en Q,1189,10/07/2020
Maggee,Shergold,6816494733,Banco Industrial,BI,Monetaria en Q,0,14/12/2020
Giordano,Rimington,270162925,Banco G&T,G&T,Monetaria en $,0,25/08/2020
Tina,De Beauchemp,6668839878,Banco Agromercantil,BAM,Ahorro,3027,23/01/2020
Maggee,Shergold,6816494733,Banco Industrial,BI,Monetaria en Q,0,14/12/2020
Tina,De Beauchemp,6668839878,Banco Agromercantil,BAM,Ahorro,315,23/01/2020
Sunny,Alvin,6456388384,Banco Promerica,Promerica,Monetaria en $,760,10/01/2020
Reinwald,Raphael,3808552263,Banco Industrial,BI,Monetaria en Q,0,8/09/2020
Arleta,Umbert,1805028979,Banco Promerica,Promerica,Monetaria en Q,305,18/04/2020
Arlin,Bruckner,7819264039,Banco de desarrollo rural,BANRURAL,Monetaria en Q,0,3/04/2020
Hali,Peebles,1909436437,Banco de desarrollo rural,BANRURAL,Ahorro,0,12/03/2020
Nelia,Hathway,1962610551,Banco Industrial,BI,Monetaria en $,3149,5/04/2020
Elnore,Foy,6154977174,Banco Agromercantil,BAM,Ahorro,2257,2/11/2020
Alexander,Amor,7361225500,Banco Promerica,Promerica,Ahorro,0,27/10/2020
Alexander,Amor,7361225500,Banco Promerica,Promerica,Ahorro,0,27/10/2020
Thoma,Kempster,7725887806,Banco Promerica,Promerica,Monetaria en $,3305,28/02/2020
Alfie,Castellaccio,2344960856,Banco de desarrollo rural,BANRURAL,Monetaria en $,0,26/08/2020
Ulla,Balloch,3278286464,Banco G&T,G&T,Monetaria en $,2162,12/06/2020
Ddene,Tant,2293083373,Banco de desarrollo rural,BANRURAL,Monetaria en $,0,3/03/2020
Tina,De Beauchemp,6668839878,Banco de desarrollo rural,BANRURAL,Monetaria en $,3942,23/01/2020
Alfie,Castellaccio,2344960856,Banco Agromercantil,BAM,Monetaria en Q,0,26/08/2020
Vassili,Drowsfield,3345353652,Banco G&T,G&T,Monetaria en $,446,18/10/2020
Sascha,Kennedy,4464029000,Banco G&T,G&T,Monetaria en $,0,15/05/2020
Jeanne,Ciottoi,3199681735,Banco de desarrollo rural,BANRURAL,Monetaria en $,2743,1/03/2020
Riva,Gaven,2897073799,Banco G&T,G&T,Monetaria en Q,2316,11/10/2020
Alexander,Amor,7361225500,Banco Promerica,Promerica,Ahorro,0,27/10/2020
Esme,Seifenmacher,7341877243,Banco Promerica,Promerica,Monetaria en Q,1522,26/08/2020
Abigale,Crann,1187255777,Banco Industrial,BI,Ahorro,0,20/07/2020
Henriette,Stag,5203620156,Banco de desarrollo rural,BANRURAL,Monetaria en $,0,2/05/2020
Konstanze,Blood,7873382966,Banco Agromercantil,BAM,Monetaria en $,0,24/11/2020
Horatia,Brumpton,1653130695,Banco G&T,G&T,Ahorro,4782,25/10/2020
Carmita,Hiscoke,8640571546,Banco Agromercantil,BAM,Monetaria en Q,2277,17/03/2020
Deni,Tarn,6467582497,Banco Agromercantil,BAM,Monetaria en Q,0,3/06/2020
Janith,Metheringham,6172401947,Banco Industrial,BI,Monetaria en $,0,30/01/2020
Ty,Kittow,1976810418,Banco G&T,G&T,Monetaria en $,0,19/10/2020
Phaidra,Thornthwaite,7422400781,Banco de desarrollo rural,BANRURAL,Monetaria en Q,0,15/02/2020
Vassili,Drowsfield,3345353652,Banco G&T,G&T,Monetaria en $,446,18/10/2020
Joelynn,De Gregoli,9835876975,Banco G&T,G&T,Monetaria en Q,3214,3/05/2020
Abigale,Crann,1187255777,Banco Agromercantil,BAM,Monetaria en $,0,20/07/2020
Kizzie,Pettman,6981272008,Banco Industrial,BI,Ahorro,0,9/08/2020
Konstanze,Blood,7873382966,Banco Agromercantil,BAM,Monetaria en $,0,24/11/2020
Koressa,Knowler,7737952055,Banco de desarrollo rural,BANRURAL,Monetaria en $,4560,3/04/2020
Dale,Goslin,4243293546,Banco Promerica,Promerica,Ahorro,0,23/05/2020
Sascha,Kennedy,4464029000,Banco Promerica,Promerica,Ahorro,0,15/05/2020
